drop table if exists PROVINCES_INFO
drop table if exists CITY_INFO
drop table if exists DISTRICT_INFO
drop table if exists ORDER_INFO
drop table if exists TRUCK_INFO
drop table if exists TRUCK_TIME
create table PROVINCES_INFO (ID bigint not null, PROVINCE_NAME varchar(20), primary key (ID)) type=MyISAM default CHARSET=utf8
create table CITY_INFO (ID bigint not null, CITY_NAME varchar(50), PROVINCE_ID bigint, primary key (ID)) type=MyISAM default CHARSET=utf8
create table DISTRICT_INFO (ID bigint not null, DISTRICT_NAME varchar(50), CITY_ID bigint, primary key (ID)) type=MyISAM default CHARSET=utf8
create table ORDER_INFO (ID bigint not null auto_increment, BEGINNING_DATE datetime, CREATE_DATE datetime, CUSTOMER_INFO varchar(255), CUSTOMER_NAME varchar(255), DESTINATION varchar(255), ENDING_DATE datetime, STARTING_POINT varchar(255), STATE integer, TRUCK_ID bigint, primary key (ID)) type=MyISAM default CHARSET=utf8
create table TRUCK_INFO (ID bigint not null auto_increment, NUMBER_PLATES varchar(20), primary key (ID)) type=MyISAM default CHARSET=utf8
create table TRUCK_TIME (ID bigint not null auto_increment, BEGINNING_DATE datetime, DESTINATION varchar(255), ENDING_DATE datetime, IS_LAST integer, ORDER_ID bigint, STARTING_POINT varchar(255), TRUCK_ID bigint, primary key (ID)) type=MyISAM default CHARSET=utf8
insert into PROVINCES_INFO values (1,'北京市');
insert into PROVINCES_INFO values (2,'天津市');
insert into PROVINCES_INFO values (3,'河北省');
insert into PROVINCES_INFO values (4,'山西省');
insert into PROVINCES_INFO values (5,'内蒙古自治区');
insert into PROVINCES_INFO values (6,'辽宁省');
insert into PROVINCES_INFO values (7,'吉林省');
insert into PROVINCES_INFO values (8,'黑龙江省');
insert into PROVINCES_INFO values (9,'上海市');
insert into PROVINCES_INFO values (10,'江苏省');
insert into PROVINCES_INFO values (11,'浙江省');
insert into PROVINCES_INFO values (12,'安徽省');
insert into PROVINCES_INFO values (13,'福建省');
insert into PROVINCES_INFO values (14,'江西省');
insert into PROVINCES_INFO values (15,'山东省');
insert into PROVINCES_INFO values (16,'河南省');
insert into PROVINCES_INFO values (17,'湖北省');
insert into PROVINCES_INFO values (18,'湖南省');
insert into PROVINCES_INFO values (19,'广东省');
insert into PROVINCES_INFO values (20,'广西壮族自治区');
insert into PROVINCES_INFO values (21,'海南省');
insert into PROVINCES_INFO values (22,'重庆市');
insert into PROVINCES_INFO values (23,'四川省');
insert into PROVINCES_INFO values (24,'贵州省');
insert into PROVINCES_INFO values (25,'云南省');
insert into PROVINCES_INFO values (26,'西藏自治区');
insert into PROVINCES_INFO values (27,'陕西省');
insert into PROVINCES_INFO values (28,'甘肃省');
insert into PROVINCES_INFO values (29,'青海省');
insert into PROVINCES_INFO values (30,'宁夏回族自治区');
insert into PROVINCES_INFO values (31,'新疆维吾尔自治区');
insert into PROVINCES_INFO values (32,'香港特别行政区');
insert into PROVINCES_INFO values (33,'澳门特别行政区');
insert into PROVINCES_INFO values (34,'台湾省');
insert into CITY_INFO values (1,'北京市',1);
insert into CITY_INFO values (2,'天津市',2);
insert into CITY_INFO values (3,'石家庄市',3);
insert into CITY_INFO values (4,'唐山市',3);
insert into CITY_INFO values (5,'秦皇岛市',3);
insert into CITY_INFO values (6,'邯郸市',3);
insert into CITY_INFO values (7,'邢台市',3);
insert into CITY_INFO values (8,'保定市',3);
insert into CITY_INFO values (9,'张家口市',3);
insert into CITY_INFO values (10,'承德市',3);
insert into CITY_INFO values (11,'沧州市',3);
insert into CITY_INFO values (12,'廊坊市',3);
insert into CITY_INFO values (13,'衡水市',3);
insert into CITY_INFO values (14,'太原市',4);
insert into CITY_INFO values (15,'大同市',4);
insert into CITY_INFO values (16,'阳泉市',4);
insert into CITY_INFO values (17,'长治市',4);
insert into CITY_INFO values (18,'晋城市',4);
insert into CITY_INFO values (19,'朔州市',4);
insert into CITY_INFO values (20,'晋中市',4);
insert into CITY_INFO values (21,'运城市',4);
insert into CITY_INFO values (22,'忻州市',4);
insert into CITY_INFO values (23,'临汾市',4);
insert into CITY_INFO values (24,'吕梁市',4);
insert into CITY_INFO values (25,'呼和浩特市',5);
insert into CITY_INFO values (26,'包头市',5);
insert into CITY_INFO values (27,'乌海市',5);
insert into CITY_INFO values (28,'赤峰市',5);
insert into CITY_INFO values (29,'通辽市',5);
insert into CITY_INFO values (30,'鄂尔多斯市',5);
insert into CITY_INFO values (31,'呼伦贝尔市',5);
insert into CITY_INFO values (32,'巴彦淖尔市',5);
insert into CITY_INFO values (33,'乌兰察布市',5);
insert into CITY_INFO values (34,'兴安盟',5);
insert into CITY_INFO values (35,'锡林郭勒盟',5);
insert into CITY_INFO values (36,'阿拉善盟',5);
insert into CITY_INFO values (37,'沈阳市',6);
insert into CITY_INFO values (38,'大连市',6);
insert into CITY_INFO values (39,'鞍山市',6);
insert into CITY_INFO values (40,'抚顺市',6);
insert into CITY_INFO values (41,'本溪市',6);
insert into CITY_INFO values (42,'丹东市',6);
insert into CITY_INFO values (43,'锦州市',6);
insert into CITY_INFO values (44,'营口市',6);
insert into CITY_INFO values (45,'阜新市',6);
insert into CITY_INFO values (46,'辽阳市',6);
insert into CITY_INFO values (47,'盘锦市',6);
insert into CITY_INFO values (48,'铁岭市',6);
insert into CITY_INFO values (49,'朝阳市',6);
insert into CITY_INFO values (50,'葫芦岛市',6);
insert into CITY_INFO values (51,'长春市',7);
insert into CITY_INFO values (52,'吉林市',7);
insert into CITY_INFO values (53,'四平市',7);
insert into CITY_INFO values (54,'辽源市',7);
insert into CITY_INFO values (55,'通化市',7);
insert into CITY_INFO values (56,'白山市',7);
insert into CITY_INFO values (57,'松原市',7);
insert into CITY_INFO values (58,'白城市',7);
insert into CITY_INFO values (59,'延边朝鲜族自治州',7);
insert into CITY_INFO values (60,'哈尔滨市',8);
insert into CITY_INFO values (61,'齐齐哈尔市',8);
insert into CITY_INFO values (62,'鸡西市',8);
insert into CITY_INFO values (63,'鹤岗市',8);
insert into CITY_INFO values (64,'双鸭山市',8);
insert into CITY_INFO values (65,'大庆市',8);
insert into CITY_INFO values (66,'伊春市',8);
insert into CITY_INFO values (67,'佳木斯市',8);
insert into CITY_INFO values (68,'七台河市',8);
insert into CITY_INFO values (69,'牡丹江市',8);
insert into CITY_INFO values (70,'黑河市',8);
insert into CITY_INFO values (71,'绥化市',8);
insert into CITY_INFO values (72,'大兴安岭地区',8);
insert into CITY_INFO values (73,'上海市',9);
insert into CITY_INFO values (74,'南京市',10);
insert into CITY_INFO values (75,'无锡市',10);
insert into CITY_INFO values (76,'徐州市',10);
insert into CITY_INFO values (77,'常州市',10);
insert into CITY_INFO values (78,'苏州市',10);
insert into CITY_INFO values (79,'南通市',10);
insert into CITY_INFO values (80,'连云港市',10);
insert into CITY_INFO values (81,'淮安市',10);
insert into CITY_INFO values (82,'盐城市',10);
insert into CITY_INFO values (83,'扬州市',10);
insert into CITY_INFO values (84,'镇江市',10);
insert into CITY_INFO values (85,'泰州市',10);
insert into CITY_INFO values (86,'宿迁市',10);
insert into CITY_INFO values (87,'杭州市',11);
insert into CITY_INFO values (88,'宁波市',11);
insert into CITY_INFO values (89,'温州市',11);
insert into CITY_INFO values (90,'嘉兴市',11);
insert into CITY_INFO values (91,'湖州市',11);
insert into CITY_INFO values (92,'绍兴市',11);
insert into CITY_INFO values (93,'金华市',11);
insert into CITY_INFO values (94,'衢州市',11);
insert into CITY_INFO values (95,'舟山市',11);
insert into CITY_INFO values (96,'台州市',11);
insert into CITY_INFO values (97,'丽水市',11);
insert into CITY_INFO values (98,'合肥市',12);
insert into CITY_INFO values (99,'芜湖市',12);
insert into CITY_INFO values (100,'蚌埠市',12);
insert into CITY_INFO values (101,'淮南市',12);
insert into CITY_INFO values (102,'马鞍山市',12);
insert into CITY_INFO values (103,'淮北市',12);
insert into CITY_INFO values (104,'铜陵市',12);
insert into CITY_INFO values (105,'安庆市',12);
insert into CITY_INFO values (106,'黄山市',12);
insert into CITY_INFO values (107,'滁州市',12);
insert into CITY_INFO values (108,'阜阳市',12);
insert into CITY_INFO values (109,'宿州市',12);
insert into CITY_INFO values (110,'巢湖市',12);
insert into CITY_INFO values (111,'六安市',12);
insert into CITY_INFO values (112,'亳州市',12);
insert into CITY_INFO values (113,'池州市',12);
insert into CITY_INFO values (114,'宣城市',12);
insert into CITY_INFO values (115,'福州市',13);
insert into CITY_INFO values (116,'厦门市',13);
insert into CITY_INFO values (117,'莆田市',13);
insert into CITY_INFO values (118,'三明市',13);
insert into CITY_INFO values (119,'泉州市',13);
insert into CITY_INFO values (120,'漳州市',13);
insert into CITY_INFO values (121,'南平市',13);
insert into CITY_INFO values (122,'龙岩市',13);
insert into CITY_INFO values (123,'宁德市',13);
insert into CITY_INFO values (124,'南昌市',14);
insert into CITY_INFO values (125,'景德镇市',14);
insert into CITY_INFO values (126,'萍乡市',14);
insert into CITY_INFO values (127,'九江市',14);
insert into CITY_INFO values (128,'新余市',14);
insert into CITY_INFO values (129,'鹰潭市',14);
insert into CITY_INFO values (130,'赣州市',14);
insert into CITY_INFO values (131,'吉安市',14);
insert into CITY_INFO values (132,'宜春市',14);
insert into CITY_INFO values (133,'抚州市',14);
insert into CITY_INFO values (134,'上饶市',14);
insert into CITY_INFO values (135,'济南市',15);
insert into CITY_INFO values (136,'青岛市',15);
insert into CITY_INFO values (137,'淄博市',15);
insert into CITY_INFO values (138,'枣庄市',15);
insert into CITY_INFO values (139,'东营市',15);
insert into CITY_INFO values (140,'烟台市',15);
insert into CITY_INFO values (141,'潍坊市',15);
insert into CITY_INFO values (142,'济宁市',15);
insert into CITY_INFO values (143,'泰安市',15);
insert into CITY_INFO values (144,'威海市',15);
insert into CITY_INFO values (145,'日照市',15);
insert into CITY_INFO values (146,'莱芜市',15);
insert into CITY_INFO values (147,'临沂市',15);
insert into CITY_INFO values (148,'德州市',15);
insert into CITY_INFO values (149,'聊城市',15);
insert into CITY_INFO values (150,'滨州市',15);
insert into CITY_INFO values (151,'荷泽市',15);
insert into CITY_INFO values (152,'郑州市',16);
insert into CITY_INFO values (153,'开封市',16);
insert into CITY_INFO values (154,'洛阳市',16);
insert into CITY_INFO values (155,'平顶山市',16);
insert into CITY_INFO values (156,'安阳市',16);
insert into CITY_INFO values (157,'鹤壁市',16);
insert into CITY_INFO values (158,'新乡市',16);
insert into CITY_INFO values (159,'焦作市',16);
insert into CITY_INFO values (160,'濮阳市',16);
insert into CITY_INFO values (161,'许昌市',16);
insert into CITY_INFO values (162,'漯河市',16);
insert into CITY_INFO values (163,'三门峡市',16);
insert into CITY_INFO values (164,'南阳市',16);
insert into CITY_INFO values (165,'商丘市',16);
insert into CITY_INFO values (166,'信阳市',16);
insert into CITY_INFO values (167,'周口市',16);
insert into CITY_INFO values (168,'驻马店市',16);
insert into CITY_INFO values (169,'武汉市',17);
insert into CITY_INFO values (170,'黄石市',17);
insert into CITY_INFO values (171,'十堰市',17);
insert into CITY_INFO values (172,'宜昌市',17);
insert into CITY_INFO values (173,'襄樊市',17);
insert into CITY_INFO values (174,'鄂州市',17);
insert into CITY_INFO values (175,'荆门市',17);
insert into CITY_INFO values (176,'孝感市',17);
insert into CITY_INFO values (177,'荆州市',17);
insert into CITY_INFO values (178,'黄冈市',17);
insert into CITY_INFO values (179,'咸宁市',17);
insert into CITY_INFO values (180,'随州市',17);
insert into CITY_INFO values (181,'恩施土家族苗族自治州',17);
insert into CITY_INFO values (182,'神农架',17);
insert into CITY_INFO values (183,'长沙市',18);
insert into CITY_INFO values (184,'株洲市',18);
insert into CITY_INFO values (185,'湘潭市',18);
insert into CITY_INFO values (186,'衡阳市',18);
insert into CITY_INFO values (187,'邵阳市',18);
insert into CITY_INFO values (188,'岳阳市',18);
insert into CITY_INFO values (189,'常德市',18);
insert into CITY_INFO values (190,'张家界市',18);
insert into CITY_INFO values (191,'益阳市',18);
insert into CITY_INFO values (192,'郴州市',18);
insert into CITY_INFO values (193,'永州市',18);
insert into CITY_INFO values (194,'怀化市',18);
insert into CITY_INFO values (195,'娄底市',18);
insert into CITY_INFO values (196,'湘西土家族苗族自治州',18);
insert into CITY_INFO values (197,'广州市',19);
insert into CITY_INFO values (198,'韶关市',19);
insert into CITY_INFO values (199,'深圳市',19);
insert into CITY_INFO values (200,'珠海市',19);
insert into CITY_INFO values (201,'汕头市',19);
insert into CITY_INFO values (202,'佛山市',19);
insert into CITY_INFO values (203,'江门市',19);
insert into CITY_INFO values (204,'湛江市',19);
insert into CITY_INFO values (205,'茂名市',19);
insert into CITY_INFO values (206,'肇庆市',19);
insert into CITY_INFO values (207,'惠州市',19);
insert into CITY_INFO values (208,'梅州市',19);
insert into CITY_INFO values (209,'汕尾市',19);
insert into CITY_INFO values (210,'河源市',19);
insert into CITY_INFO values (211,'阳江市',19);
insert into CITY_INFO values (212,'清远市',19);
insert into CITY_INFO values (213,'东莞市',19);
insert into CITY_INFO values (214,'中山市',19);
insert into CITY_INFO values (215,'潮州市',19);
insert into CITY_INFO values (216,'揭阳市',19);
insert into CITY_INFO values (217,'云浮市',19);
insert into CITY_INFO values (218,'南宁市',20);
insert into CITY_INFO values (219,'柳州市',20);
insert into CITY_INFO values (220,'桂林市',20);
insert into CITY_INFO values (221,'梧州市',20);
insert into CITY_INFO values (222,'北海市',20);
insert into CITY_INFO values (223,'防城港市',20);
insert into CITY_INFO values (224,'钦州市',20);
insert into CITY_INFO values (225,'贵港市',20);
insert into CITY_INFO values (226,'玉林市',20);
insert into CITY_INFO values (227,'百色市',20);
insert into CITY_INFO values (228,'贺州市',20);
insert into CITY_INFO values (229,'河池市',20);
insert into CITY_INFO values (230,'来宾市',20);
insert into CITY_INFO values (231,'崇左市',20);
insert into CITY_INFO values (232,'海口市',21);
insert into CITY_INFO values (233,'三亚市',21);
insert into CITY_INFO values (234,'重庆市',22);
insert into CITY_INFO values (235,'成都市',23);
insert into CITY_INFO values (236,'自贡市',23);
insert into CITY_INFO values (237,'攀枝花市',23);
insert into CITY_INFO values (238,'泸州市',23);
insert into CITY_INFO values (239,'德阳市',23);
insert into CITY_INFO values (240,'绵阳市',23);
insert into CITY_INFO values (241,'广元市',23);
insert into CITY_INFO values (242,'遂宁市',23);
insert into CITY_INFO values (243,'内江市',23);
insert into CITY_INFO values (244,'乐山市',23);
insert into CITY_INFO values (245,'南充市',23);
insert into CITY_INFO values (246,'眉山市',23);
insert into CITY_INFO values (247,'宜宾市',23);
insert into CITY_INFO values (248,'广安市',23);
insert into CITY_INFO values (249,'达州市',23);
insert into CITY_INFO values (250,'雅安市',23);
insert into CITY_INFO values (251,'巴中市',23);
insert into CITY_INFO values (252,'资阳市',23);
insert into CITY_INFO values (253,'阿坝藏族羌族自治州',23);
insert into CITY_INFO values (254,'甘孜藏族自治州',23);
insert into CITY_INFO values (255,'凉山彝族自治州',23);
insert into CITY_INFO values (256,'贵阳市',24);
insert into CITY_INFO values (257,'六盘水市',24);
insert into CITY_INFO values (258,'遵义市',24);
insert into CITY_INFO values (259,'安顺市',24);
insert into CITY_INFO values (260,'铜仁地区',24);
insert into CITY_INFO values (261,'黔西南布依族苗族自治州',24);
insert into CITY_INFO values (262,'毕节地区',24);
insert into CITY_INFO values (263,'黔东南苗族侗族自治州',24);
insert into CITY_INFO values (264,'黔南布依族苗族自治州',24);
insert into CITY_INFO values (265,'昆明市',25);
insert into CITY_INFO values (266,'曲靖市',25);
insert into CITY_INFO values (267,'玉溪市',25);
insert into CITY_INFO values (268,'保山市',25);
insert into CITY_INFO values (269,'昭通市',25);
insert into CITY_INFO values (270,'丽江市',25);
insert into CITY_INFO values (271,'思茅市',25);
insert into CITY_INFO values (272,'临沧市',25);
insert into CITY_INFO values (273,'楚雄彝族自治州',25);
insert into CITY_INFO values (274,'红河哈尼族彝族自治州',25);
insert into CITY_INFO values (275,'文山壮族苗族自治州',25);
insert into CITY_INFO values (276,'西双版纳傣族自治州',25);
insert into CITY_INFO values (277,'大理白族自治州',25);
insert into CITY_INFO values (278,'德宏傣族景颇族自治州',25);
insert into CITY_INFO values (279,'怒江傈僳族自治州',25);
insert into CITY_INFO values (280,'迪庆藏族自治州',25);
insert into CITY_INFO values (281,'拉萨市',26);
insert into CITY_INFO values (282,'昌都地区',26);
insert into CITY_INFO values (283,'山南地区',26);
insert into CITY_INFO values (284,'日喀则地区',26);
insert into CITY_INFO values (285,'那曲地区',26);
insert into CITY_INFO values (286,'阿里地区',26);
insert into CITY_INFO values (287,'林芝地区',26);
insert into CITY_INFO values (288,'西安市',27);
insert into CITY_INFO values (289,'铜川市',27);
insert into CITY_INFO values (290,'宝鸡市',27);
insert into CITY_INFO values (291,'咸阳市',27);
insert into CITY_INFO values (292,'渭南市',27);
insert into CITY_INFO values (293,'延安市',27);
insert into CITY_INFO values (294,'汉中市',27);
insert into CITY_INFO values (295,'榆林市',27);
insert into CITY_INFO values (296,'安康市',27);
insert into CITY_INFO values (297,'商洛市',27);
insert into CITY_INFO values (298,'兰州市',28);
insert into CITY_INFO values (299,'嘉峪关市',28);
insert into CITY_INFO values (300,'金昌市',28);
insert into CITY_INFO values (301,'白银市',28);
insert into CITY_INFO values (302,'天水市',28);
insert into CITY_INFO values (303,'武威市',28);
insert into CITY_INFO values (304,'张掖市',28);
insert into CITY_INFO values (305,'平凉市',28);
insert into CITY_INFO values (306,'酒泉市',28);
insert into CITY_INFO values (307,'庆阳市',28);
insert into CITY_INFO values (308,'定西市',28);
insert into CITY_INFO values (309,'陇南市',28);
insert into CITY_INFO values (310,'临夏回族自治州',28);
insert into CITY_INFO values (311,'甘南藏族自治州',28);
insert into CITY_INFO values (312,'西宁市',29);
insert into CITY_INFO values (313,'海东地区',29);
insert into CITY_INFO values (314,'海北藏族自治州',29);
insert into CITY_INFO values (315,'黄南藏族自治州',29);
insert into CITY_INFO values (316,'海南藏族自治州',29);
insert into CITY_INFO values (317,'果洛藏族自治州',29);
insert into CITY_INFO values (318,'玉树藏族自治州',29);
insert into CITY_INFO values (319,'海西蒙古族藏族自治州',29);
insert into CITY_INFO values (320,'银川市',30);
insert into CITY_INFO values (321,'石嘴山市',30);
insert into CITY_INFO values (322,'吴忠市',30);
insert into CITY_INFO values (323,'固原市',30);
insert into CITY_INFO values (324,'中卫市',30);
insert into CITY_INFO values (325,'乌鲁木齐市',31);
insert into CITY_INFO values (326,'克拉玛依市',31);
insert into CITY_INFO values (327,'吐鲁番地区',31);
insert into CITY_INFO values (328,'哈密地区',31);
insert into CITY_INFO values (329,'昌吉回族自治州',31);
insert into CITY_INFO values (330,'博尔塔拉蒙古自治州',31);
insert into CITY_INFO values (331,'巴音郭楞蒙古自治州',31);
insert into CITY_INFO values (332,'阿克苏地区',31);
insert into CITY_INFO values (333,'克孜勒苏柯尔克孜自治州',31);
insert into CITY_INFO values (334,'喀什地区',31);
insert into CITY_INFO values (335,'和田地区',31);
insert into CITY_INFO values (336,'伊犁哈萨克自治州',31);
insert into CITY_INFO values (337,'塔城地区',31);
insert into CITY_INFO values (338,'阿勒泰地区',31);
insert into CITY_INFO values (339,'石河子市',31);
insert into CITY_INFO values (340,'阿拉尔市',31);
insert into CITY_INFO values (341,'图木舒克市',31);
insert into CITY_INFO values (342,'五家渠市',31);
insert into CITY_INFO values (343,'香港特别行政区',32);
insert into CITY_INFO values (344,'澳门特别行政区',33);
insert into CITY_INFO values (345,'台湾省',34);
insert into DISTRICT_INFO values (1,'东城区',1);
insert into DISTRICT_INFO values (2,'西城区',1);
insert into DISTRICT_INFO values (3,'崇文区',1);
insert into DISTRICT_INFO values (4,'宣武区',1);
insert into DISTRICT_INFO values (5,'朝阳区',1);
insert into DISTRICT_INFO values (6,'丰台区',1);
insert into DISTRICT_INFO values (7,'石景山区',1);
insert into DISTRICT_INFO values (8,'海淀区',1);
insert into DISTRICT_INFO values (9,'门头沟区',1);
insert into DISTRICT_INFO values (10,'房山区',1);
insert into DISTRICT_INFO values (11,'通州区',1);
insert into DISTRICT_INFO values (12,'顺义区',1);
insert into DISTRICT_INFO values (13,'昌平区',1);
insert into DISTRICT_INFO values (14,'大兴区',1);
insert into DISTRICT_INFO values (15,'怀柔区',1);
insert into DISTRICT_INFO values (16,'平谷区',1);
insert into DISTRICT_INFO values (17,'密云县',1);
insert into DISTRICT_INFO values (18,'延庆县',1);
insert into DISTRICT_INFO values (19,'和平区',2);
insert into DISTRICT_INFO values (20,'河东区',2);
insert into DISTRICT_INFO values (21,'河西区',2);
insert into DISTRICT_INFO values (22,'南开区',2);
insert into DISTRICT_INFO values (23,'河北区',2);
insert into DISTRICT_INFO values (24,'红桥区',2);
insert into DISTRICT_INFO values (25,'塘沽区',2);
insert into DISTRICT_INFO values (26,'汉沽区',2);
insert into DISTRICT_INFO values (27,'大港区',2);
insert into DISTRICT_INFO values (28,'东丽区',2);
insert into DISTRICT_INFO values (29,'西青区',2);
insert into DISTRICT_INFO values (30,'津南区',2);
insert into DISTRICT_INFO values (31,'北辰区',2);
insert into DISTRICT_INFO values (32,'武清区',2);
insert into DISTRICT_INFO values (33,'宝坻区',2);
insert into DISTRICT_INFO values (34,'宁河县',2);
insert into DISTRICT_INFO values (35,'静海县',2);
insert into DISTRICT_INFO values (36,'蓟县',2);
insert into DISTRICT_INFO values (37,'长安区',3);
insert into DISTRICT_INFO values (38,'桥东区',3);
insert into DISTRICT_INFO values (39,'桥西区',3);
insert into DISTRICT_INFO values (40,'新华区',3);
insert into DISTRICT_INFO values (41,'井陉矿区',3);
insert into DISTRICT_INFO values (42,'裕华区',3);
insert into DISTRICT_INFO values (43,'井陉县',3);
insert into DISTRICT_INFO values (44,'正定县',3);
insert into DISTRICT_INFO values (45,'栾城县',3);
insert into DISTRICT_INFO values (46,'行唐县',3);
insert into DISTRICT_INFO values (47,'灵寿县',3);
insert into DISTRICT_INFO values (48,'高邑县',3);
insert into DISTRICT_INFO values (49,'深泽县',3);
insert into DISTRICT_INFO values (50,'赞皇县',3);
insert into DISTRICT_INFO values (51,'无极县',3);
insert into DISTRICT_INFO values (52,'平山县',3);
insert into DISTRICT_INFO values (53,'元氏县',3);
insert into DISTRICT_INFO values (54,'赵县',3);
insert into DISTRICT_INFO values (55,'辛集市',3);
insert into DISTRICT_INFO values (56,'藁城市',3);
insert into DISTRICT_INFO values (57,'晋州市',3);
insert into DISTRICT_INFO values (58,'新乐市',3);
insert into DISTRICT_INFO values (59,'鹿泉市',3);
insert into DISTRICT_INFO values (60,'路南区',4);
insert into DISTRICT_INFO values (61,'路北区',4);
insert into DISTRICT_INFO values (62,'古冶区',4);
insert into DISTRICT_INFO values (63,'开平区',4);
insert into DISTRICT_INFO values (64,'丰南区',4);
insert into DISTRICT_INFO values (65,'丰润区',4);
insert into DISTRICT_INFO values (66,'滦县',4);
insert into DISTRICT_INFO values (67,'滦南县',4);
insert into DISTRICT_INFO values (68,'乐亭县',4);
insert into DISTRICT_INFO values (69,'迁西县',4);
insert into DISTRICT_INFO values (70,'玉田县',4);
insert into DISTRICT_INFO values (71,'唐海县',4);
insert into DISTRICT_INFO values (72,'遵化市',4);
insert into DISTRICT_INFO values (73,'迁安市',4);
insert into DISTRICT_INFO values (74,'海港区',5);
insert into DISTRICT_INFO values (75,'山海关区',5);
insert into DISTRICT_INFO values (76,'北戴河区',5);
insert into DISTRICT_INFO values (77,'青龙满族自治县',5);
insert into DISTRICT_INFO values (78,'昌黎县',5);
insert into DISTRICT_INFO values (79,'抚宁县',5);
insert into DISTRICT_INFO values (80,'卢龙县',5);
insert into DISTRICT_INFO values (81,'邯山区',6);
insert into DISTRICT_INFO values (82,'丛台区',6);
insert into DISTRICT_INFO values (83,'复兴区',6);
insert into DISTRICT_INFO values (84,'峰峰矿区',6);
insert into DISTRICT_INFO values (85,'邯郸县',6);
insert into DISTRICT_INFO values (86,'临漳县',6);
insert into DISTRICT_INFO values (87,'成安县',6);
insert into DISTRICT_INFO values (88,'大名县',6);
insert into DISTRICT_INFO values (89,'涉县',6);
insert into DISTRICT_INFO values (90,'磁县',6);
insert into DISTRICT_INFO values (91,'肥乡县',6);
insert into DISTRICT_INFO values (92,'永年县',6);
insert into DISTRICT_INFO values (93,'邱县',6);
insert into DISTRICT_INFO values (94,'鸡泽县',6);
insert into DISTRICT_INFO values (95,'广平县',6);
insert into DISTRICT_INFO values (96,'馆陶县',6);
insert into DISTRICT_INFO values (97,'魏县',6);
insert into DISTRICT_INFO values (98,'曲周县',6);
insert into DISTRICT_INFO values (99,'武安市',6);
insert into DISTRICT_INFO values (100,'桥东区',7);
insert into DISTRICT_INFO values (101,'桥西区',7);
insert into DISTRICT_INFO values (102,'邢台县',7);
insert into DISTRICT_INFO values (103,'临城县',7);
insert into DISTRICT_INFO values (104,'内丘县',7);
insert into DISTRICT_INFO values (105,'柏乡县',7);
insert into DISTRICT_INFO values (106,'隆尧县',7);
insert into DISTRICT_INFO values (107,'任县',7);
insert into DISTRICT_INFO values (108,'南和县',7);
insert into DISTRICT_INFO values (109,'宁晋县',7);
insert into DISTRICT_INFO values (110,'巨鹿县',7);
insert into DISTRICT_INFO values (111,'新河县',7);
insert into DISTRICT_INFO values (112,'广宗县',7);
insert into DISTRICT_INFO values (113,'平乡县',7);
insert into DISTRICT_INFO values (114,'威县',7);
insert into DISTRICT_INFO values (115,'清河县',7);
insert into DISTRICT_INFO values (116,'临西县',7);
insert into DISTRICT_INFO values (117,'南宫市',7);
insert into DISTRICT_INFO values (118,'沙河市',7);
insert into DISTRICT_INFO values (119,'新市区',8);
insert into DISTRICT_INFO values (120,'北市区',8);
insert into DISTRICT_INFO values (121,'南市区',8);
insert into DISTRICT_INFO values (122,'满城县',8);
insert into DISTRICT_INFO values (123,'清苑县',8);
insert into DISTRICT_INFO values (124,'涞水县',8);
insert into DISTRICT_INFO values (125,'阜平县',8);
insert into DISTRICT_INFO values (126,'徐水县',8);
insert into DISTRICT_INFO values (127,'定兴县',8);
insert into DISTRICT_INFO values (128,'唐县',8);
insert into DISTRICT_INFO values (129,'高阳县',8);
insert into DISTRICT_INFO values (130,'容城县',8);
insert into DISTRICT_INFO values (131,'涞源县',8);
insert into DISTRICT_INFO values (132,'望都县',8);
insert into DISTRICT_INFO values (133,'安新县',8);
insert into DISTRICT_INFO values (134,'易县',8);
insert into DISTRICT_INFO values (135,'曲阳县',8);
insert into DISTRICT_INFO values (136,'蠡县',8);
insert into DISTRICT_INFO values (137,'顺平县',8);
insert into DISTRICT_INFO values (138,'博野县',8);
insert into DISTRICT_INFO values (139,'雄县',8);
insert into DISTRICT_INFO values (140,'涿州市',8);
insert into DISTRICT_INFO values (141,'定州市',8);
insert into DISTRICT_INFO values (142,'安国市',8);
insert into DISTRICT_INFO values (143,'高碑店市',8);
insert into DISTRICT_INFO values (144,'桥东区',9);
insert into DISTRICT_INFO values (145,'桥西区',9);
insert into DISTRICT_INFO values (146,'宣化区',9);
insert into DISTRICT_INFO values (147,'下花园区',9);
insert into DISTRICT_INFO values (148,'宣化县',9);
insert into DISTRICT_INFO values (149,'张北县',9);
insert into DISTRICT_INFO values (150,'康保县',9);
insert into DISTRICT_INFO values (151,'沽源县',9);
insert into DISTRICT_INFO values (152,'尚义县',9);
insert into DISTRICT_INFO values (153,'蔚县',9);
insert into DISTRICT_INFO values (154,'阳原县',9);
insert into DISTRICT_INFO values (155,'怀安县',9);
insert into DISTRICT_INFO values (156,'万全县',9);
insert into DISTRICT_INFO values (157,'怀来县',9);
insert into DISTRICT_INFO values (158,'涿鹿县',9);
insert into DISTRICT_INFO values (159,'赤城县',9);
insert into DISTRICT_INFO values (160,'崇礼县',9);
insert into DISTRICT_INFO values (161,'双桥区',10);
insert into DISTRICT_INFO values (162,'双滦区',10);
insert into DISTRICT_INFO values (163,'鹰手营子矿区',10);
insert into DISTRICT_INFO values (164,'承德县',10);
insert into DISTRICT_INFO values (165,'兴隆县',10);
insert into DISTRICT_INFO values (166,'平泉县',10);
insert into DISTRICT_INFO values (167,'滦平县',10);
insert into DISTRICT_INFO values (168,'隆化县',10);
insert into DISTRICT_INFO values (169,'丰宁满族自治县',10);
insert into DISTRICT_INFO values (170,'宽城满族自治县',10);
insert into DISTRICT_INFO values (171,'围场满族蒙古族自治县',10);
insert into DISTRICT_INFO values (172,'新华区',11);
insert into DISTRICT_INFO values (173,'运河区',11);
insert into DISTRICT_INFO values (174,'沧县',11);
insert into DISTRICT_INFO values (175,'青县',11);
insert into DISTRICT_INFO values (176,'东光县',11);
insert into DISTRICT_INFO values (177,'海兴县',11);
insert into DISTRICT_INFO values (178,'盐山县',11);
insert into DISTRICT_INFO values (179,'肃宁县',11);
insert into DISTRICT_INFO values (180,'南皮县',11);
insert into DISTRICT_INFO values (181,'吴桥县',11);
insert into DISTRICT_INFO values (182,'献县',11);
insert into DISTRICT_INFO values (183,'孟村回族自治县',11);
insert into DISTRICT_INFO values (184,'泊头市',11);
insert into DISTRICT_INFO values (185,'任丘市',11);
insert into DISTRICT_INFO values (186,'黄骅市',11);
insert into DISTRICT_INFO values (187,'河间市',11);
insert into DISTRICT_INFO values (188,'安次区',12);
insert into DISTRICT_INFO values (189,'广阳区',12);
insert into DISTRICT_INFO values (190,'固安县',12);
insert into DISTRICT_INFO values (191,'永清县',12);
insert into DISTRICT_INFO values (192,'香河县',12);
insert into DISTRICT_INFO values (193,'大城县',12);
insert into DISTRICT_INFO values (194,'文安县',12);
insert into DISTRICT_INFO values (195,'大厂回族自治县',12);
insert into DISTRICT_INFO values (196,'霸州市',12);
insert into DISTRICT_INFO values (197,'三河市',12);
insert into DISTRICT_INFO values (198,'桃城区',13);
insert into DISTRICT_INFO values (199,'枣强县',13);
insert into DISTRICT_INFO values (200,'武邑县',13);
insert into DISTRICT_INFO values (201,'武强县',13);
insert into DISTRICT_INFO values (202,'饶阳县',13);
insert into DISTRICT_INFO values (203,'安平县',13);
insert into DISTRICT_INFO values (204,'故城县',13);
insert into DISTRICT_INFO values (205,'景县',13);
insert into DISTRICT_INFO values (206,'阜城县',13);
insert into DISTRICT_INFO values (207,'冀州市',13);
insert into DISTRICT_INFO values (208,'深州市',13);
insert into DISTRICT_INFO values (209,'小店区',14);
insert into DISTRICT_INFO values (210,'迎泽区',14);
insert into DISTRICT_INFO values (211,'杏花岭区',14);
insert into DISTRICT_INFO values (212,'尖草坪区',14);
insert into DISTRICT_INFO values (213,'万柏林区',14);
insert into DISTRICT_INFO values (214,'晋源区',14);
insert into DISTRICT_INFO values (215,'清徐县',14);
insert into DISTRICT_INFO values (216,'阳曲县',14);
insert into DISTRICT_INFO values (217,'娄烦县',14);
insert into DISTRICT_INFO values (218,'古交市',14);
insert into DISTRICT_INFO values (219,'城区',15);
insert into DISTRICT_INFO values (220,'矿区',15);
insert into DISTRICT_INFO values (221,'南郊区',15);
insert into DISTRICT_INFO values (222,'新荣区',15);
insert into DISTRICT_INFO values (223,'阳高县',15);
insert into DISTRICT_INFO values (224,'天镇县',15);
insert into DISTRICT_INFO values (225,'广灵县',15);
insert into DISTRICT_INFO values (226,'灵丘县',15);
insert into DISTRICT_INFO values (227,'浑源县',15);
insert into DISTRICT_INFO values (228,'左云县',15);
insert into DISTRICT_INFO values (229,'大同县',15);
insert into DISTRICT_INFO values (230,'城区',16);
insert into DISTRICT_INFO values (231,'矿区',16);
insert into DISTRICT_INFO values (232,'郊区',16);
insert into DISTRICT_INFO values (233,'平定县',16);
insert into DISTRICT_INFO values (234,'盂县',16);
insert into DISTRICT_INFO values (235,'城区',17);
insert into DISTRICT_INFO values (236,'郊区',17);
insert into DISTRICT_INFO values (237,'长治县',17);
insert into DISTRICT_INFO values (238,'襄垣县',17);
insert into DISTRICT_INFO values (239,'屯留县',17);
insert into DISTRICT_INFO values (240,'平顺县',17);
insert into DISTRICT_INFO values (241,'黎城县',17);
insert into DISTRICT_INFO values (242,'壶关县',17);
insert into DISTRICT_INFO values (243,'长子县',17);
insert into DISTRICT_INFO values (244,'武乡县',17);
insert into DISTRICT_INFO values (245,'沁县',17);
insert into DISTRICT_INFO values (246,'沁源县',17);
insert into DISTRICT_INFO values (247,'潞城市',17);
insert into DISTRICT_INFO values (248,'城区',18);
insert into DISTRICT_INFO values (249,'沁水县',18);
insert into DISTRICT_INFO values (250,'阳城县',18);
insert into DISTRICT_INFO values (251,'陵川县',18);
insert into DISTRICT_INFO values (252,'泽州县',18);
insert into DISTRICT_INFO values (253,'高平市',18);
insert into DISTRICT_INFO values (254,'朔城区',19);
insert into DISTRICT_INFO values (255,'平鲁区',19);
insert into DISTRICT_INFO values (256,'山阴县',19);
insert into DISTRICT_INFO values (257,'应县',19);
insert into DISTRICT_INFO values (258,'右玉县',19);
insert into DISTRICT_INFO values (259,'怀仁县',19);
insert into DISTRICT_INFO values (260,'榆次区',20);
insert into DISTRICT_INFO values (261,'榆社县',20);
insert into DISTRICT_INFO values (262,'左权县',20);
insert into DISTRICT_INFO values (263,'和顺县',20);
insert into DISTRICT_INFO values (264,'昔阳县',20);
insert into DISTRICT_INFO values (265,'寿阳县',20);
insert into DISTRICT_INFO values (266,'太谷县',20);
insert into DISTRICT_INFO values (267,'祁县',20);
insert into DISTRICT_INFO values (268,'平遥县',20);
insert into DISTRICT_INFO values (269,'灵石县',20);
insert into DISTRICT_INFO values (270,'介休市',20);
insert into DISTRICT_INFO values (271,'盐湖区',21);
insert into DISTRICT_INFO values (272,'临猗县',21);
insert into DISTRICT_INFO values (273,'万荣县',21);
insert into DISTRICT_INFO values (274,'闻喜县',21);
insert into DISTRICT_INFO values (275,'稷山县',21);
insert into DISTRICT_INFO values (276,'新绛县',21);
insert into DISTRICT_INFO values (277,'绛县',21);
insert into DISTRICT_INFO values (278,'垣曲县',21);
insert into DISTRICT_INFO values (279,'夏县',21);
insert into DISTRICT_INFO values (280,'平陆县',21);
insert into DISTRICT_INFO values (281,'芮城县',21);
insert into DISTRICT_INFO values (282,'永济市',21);
insert into DISTRICT_INFO values (283,'河津市',21);
insert into DISTRICT_INFO values (284,'忻府区',22);
insert into DISTRICT_INFO values (285,'定襄县',22);
insert into DISTRICT_INFO values (286,'五台县',22);
insert into DISTRICT_INFO values (287,'代县',22);
insert into DISTRICT_INFO values (288,'繁峙县',22);
insert into DISTRICT_INFO values (289,'宁武县',22);
insert into DISTRICT_INFO values (290,'静乐县',22);
insert into DISTRICT_INFO values (291,'神池县',22);
insert into DISTRICT_INFO values (292,'五寨县',22);
insert into DISTRICT_INFO values (293,'岢岚县',22);
insert into DISTRICT_INFO values (294,'河曲县',22);
insert into DISTRICT_INFO values (295,'保德县',22);
insert into DISTRICT_INFO values (296,'偏关县',22);
insert into DISTRICT_INFO values (297,'原平市',22);
insert into DISTRICT_INFO values (298,'尧都区',23);
insert into DISTRICT_INFO values (299,'曲沃县',23);
insert into DISTRICT_INFO values (300,'翼城县',23);
insert into DISTRICT_INFO values (301,'襄汾县',23);
insert into DISTRICT_INFO values (302,'洪洞县',23);
insert into DISTRICT_INFO values (303,'古县',23);
insert into DISTRICT_INFO values (304,'安泽县',23);
insert into DISTRICT_INFO values (305,'浮山县',23);
insert into DISTRICT_INFO values (306,'吉县',23);
insert into DISTRICT_INFO values (307,'乡宁县',23);
insert into DISTRICT_INFO values (308,'大宁县',23);
insert into DISTRICT_INFO values (309,'隰县',23);
insert into DISTRICT_INFO values (310,'永和县',23);
insert into DISTRICT_INFO values (311,'蒲县',23);
insert into DISTRICT_INFO values (312,'汾西县',23);
insert into DISTRICT_INFO values (313,'侯马市',23);
insert into DISTRICT_INFO values (314,'霍州市',23);
insert into DISTRICT_INFO values (315,'离石区',24);
insert into DISTRICT_INFO values (316,'文水县',24);
insert into DISTRICT_INFO values (317,'交城县',24);
insert into DISTRICT_INFO values (318,'兴县',24);
insert into DISTRICT_INFO values (319,'临县',24);
insert into DISTRICT_INFO values (320,'柳林县',24);
insert into DISTRICT_INFO values (321,'石楼县',24);
insert into DISTRICT_INFO values (322,'岚县',24);
insert into DISTRICT_INFO values (323,'方山县',24);
insert into DISTRICT_INFO values (324,'中阳县',24);
insert into DISTRICT_INFO values (325,'交口县',24);
insert into DISTRICT_INFO values (326,'孝义市',24);
insert into DISTRICT_INFO values (327,'汾阳市',24);
insert into DISTRICT_INFO values (328,'新城区',25);
insert into DISTRICT_INFO values (329,'回民区',25);
insert into DISTRICT_INFO values (330,'玉泉区',25);
insert into DISTRICT_INFO values (331,'赛罕区',25);
insert into DISTRICT_INFO values (332,'土默特左旗',25);
insert into DISTRICT_INFO values (333,'托克托县',25);
insert into DISTRICT_INFO values (334,'和林格尔县',25);
insert into DISTRICT_INFO values (335,'清水河县',25);
insert into DISTRICT_INFO values (336,'武川县',25);
insert into DISTRICT_INFO values (337,'东河区',26);
insert into DISTRICT_INFO values (338,'昆都仑区',26);
insert into DISTRICT_INFO values (339,'青山区',26);
insert into DISTRICT_INFO values (340,'石拐区',26);
insert into DISTRICT_INFO values (341,'白云矿区',26);
insert into DISTRICT_INFO values (342,'九原区',26);
insert into DISTRICT_INFO values (343,'土默特右旗',26);
insert into DISTRICT_INFO values (344,'固阳县',26);
insert into DISTRICT_INFO values (345,'达尔罕茂明安联合旗',26);
insert into DISTRICT_INFO values (346,'海勃湾区',27);
insert into DISTRICT_INFO values (347,'海南区',27);
insert into DISTRICT_INFO values (348,'乌达区',27);
insert into DISTRICT_INFO values (349,'红山区',28);
insert into DISTRICT_INFO values (350,'元宝山区',28);
insert into DISTRICT_INFO values (351,'松山区',28);
insert into DISTRICT_INFO values (352,'阿鲁科尔沁旗',28);
insert into DISTRICT_INFO values (353,'巴林左旗',28);
insert into DISTRICT_INFO values (354,'巴林右旗',28);
insert into DISTRICT_INFO values (355,'林西县',28);
insert into DISTRICT_INFO values (356,'克什克腾旗',28);
insert into DISTRICT_INFO values (357,'翁牛特旗',28);
insert into DISTRICT_INFO values (358,'喀喇沁旗',28);
insert into DISTRICT_INFO values (359,'宁城县',28);
insert into DISTRICT_INFO values (360,'敖汉旗',28);
insert into DISTRICT_INFO values (361,'科尔沁区',29);
insert into DISTRICT_INFO values (362,'科尔沁左翼中旗',29);
insert into DISTRICT_INFO values (363,'科尔沁左翼后旗',29);
insert into DISTRICT_INFO values (364,'开鲁县',29);
insert into DISTRICT_INFO values (365,'库伦旗',29);
insert into DISTRICT_INFO values (366,'奈曼旗',29);
insert into DISTRICT_INFO values (367,'扎鲁特旗',29);
insert into DISTRICT_INFO values (368,'霍林郭勒市',29);
insert into DISTRICT_INFO values (369,'东胜区',30);
insert into DISTRICT_INFO values (370,'达拉特旗',30);
insert into DISTRICT_INFO values (371,'准格尔旗',30);
insert into DISTRICT_INFO values (372,'鄂托克前旗',30);
insert into DISTRICT_INFO values (373,'鄂托克旗',30);
insert into DISTRICT_INFO values (374,'杭锦旗',30);
insert into DISTRICT_INFO values (375,'乌审旗',30);
insert into DISTRICT_INFO values (376,'伊金霍洛旗',30);
insert into DISTRICT_INFO values (377,'海拉尔区',31);
insert into DISTRICT_INFO values (378,'阿荣旗',31);
insert into DISTRICT_INFO values (379,'莫力达瓦达斡尔族自治旗',31);
insert into DISTRICT_INFO values (380,'鄂伦春自治旗',31);
insert into DISTRICT_INFO values (381,'鄂温克族自治旗',31);
insert into DISTRICT_INFO values (382,'陈巴尔虎旗',31);
insert into DISTRICT_INFO values (383,'新巴尔虎左旗',31);
insert into DISTRICT_INFO values (384,'新巴尔虎右旗',31);
insert into DISTRICT_INFO values (385,'满洲里市',31);
insert into DISTRICT_INFO values (386,'牙克石市',31);
insert into DISTRICT_INFO values (387,'扎兰屯市',31);
insert into DISTRICT_INFO values (388,'额尔古纳市',31);
insert into DISTRICT_INFO values (389,'根河市',31);
insert into DISTRICT_INFO values (390,'临河区',32);
insert into DISTRICT_INFO values (391,'五原县',32);
insert into DISTRICT_INFO values (392,'磴口县',32);
insert into DISTRICT_INFO values (393,'乌拉特前旗',32);
insert into DISTRICT_INFO values (394,'乌拉特中旗',32);
insert into DISTRICT_INFO values (395,'乌拉特后旗',32);
insert into DISTRICT_INFO values (396,'杭锦后旗',32);
insert into DISTRICT_INFO values (397,'集宁区',33);
insert into DISTRICT_INFO values (398,'卓资县',33);
insert into DISTRICT_INFO values (399,'化德县',33);
insert into DISTRICT_INFO values (400,'商都县',33);
insert into DISTRICT_INFO values (401,'兴和县',33);
insert into DISTRICT_INFO values (402,'凉城县',33);
insert into DISTRICT_INFO values (403,'察哈尔右翼前旗',33);
insert into DISTRICT_INFO values (404,'察哈尔右翼中旗',33);
insert into DISTRICT_INFO values (405,'察哈尔右翼后旗',33);
insert into DISTRICT_INFO values (406,'四子王旗',33);
insert into DISTRICT_INFO values (407,'丰镇市',33);
insert into DISTRICT_INFO values (408,'乌兰浩特市',34);
insert into DISTRICT_INFO values (409,'阿尔山市',34);
insert into DISTRICT_INFO values (410,'科尔沁右翼前旗',34);
insert into DISTRICT_INFO values (411,'科尔沁右翼中旗',34);
insert into DISTRICT_INFO values (412,'扎赉特旗',34);
insert into DISTRICT_INFO values (413,'突泉县',34);
insert into DISTRICT_INFO values (414,'二连浩特市',35);
insert into DISTRICT_INFO values (415,'锡林浩特市',35);
insert into DISTRICT_INFO values (416,'阿巴嘎旗',35);
insert into DISTRICT_INFO values (417,'苏尼特左旗',35);
insert into DISTRICT_INFO values (418,'苏尼特右旗',35);
insert into DISTRICT_INFO values (419,'东乌珠穆沁旗',35);
insert into DISTRICT_INFO values (420,'西乌珠穆沁旗',35);
insert into DISTRICT_INFO values (421,'太仆寺旗',35);
insert into DISTRICT_INFO values (422,'镶黄旗',35);
insert into DISTRICT_INFO values (423,'正镶白旗',35);
insert into DISTRICT_INFO values (424,'正蓝旗',35);
insert into DISTRICT_INFO values (425,'多伦县',35);
insert into DISTRICT_INFO values (426,'阿拉善左旗',36);
insert into DISTRICT_INFO values (427,'阿拉善右旗',36);
insert into DISTRICT_INFO values (428,'额济纳旗',36);
insert into DISTRICT_INFO values (429,'和平区',37);
insert into DISTRICT_INFO values (430,'沈河区',37);
insert into DISTRICT_INFO values (431,'大东区',37);
insert into DISTRICT_INFO values (432,'皇姑区',37);
insert into DISTRICT_INFO values (433,'铁西区',37);
insert into DISTRICT_INFO values (434,'苏家屯区',37);
insert into DISTRICT_INFO values (435,'东陵区',37);
insert into DISTRICT_INFO values (436,'新城子区',37);
insert into DISTRICT_INFO values (437,'于洪区',37);
insert into DISTRICT_INFO values (438,'辽中县',37);
insert into DISTRICT_INFO values (439,'康平县',37);
insert into DISTRICT_INFO values (440,'法库县',37);
insert into DISTRICT_INFO values (441,'新民市',37);
insert into DISTRICT_INFO values (442,'中山区',38);
insert into DISTRICT_INFO values (443,'西岗区',38);
insert into DISTRICT_INFO values (444,'沙河口区',38);
insert into DISTRICT_INFO values (445,'甘井子区',38);
insert into DISTRICT_INFO values (446,'旅顺口区',38);
insert into DISTRICT_INFO values (447,'金州区',38);
insert into DISTRICT_INFO values (448,'长海县',38);
insert into DISTRICT_INFO values (449,'瓦房店市',38);
insert into DISTRICT_INFO values (450,'普兰店市',38);
insert into DISTRICT_INFO values (451,'庄河市',38);
insert into DISTRICT_INFO values (452,'铁东区',39);
insert into DISTRICT_INFO values (453,'铁西区',39);
insert into DISTRICT_INFO values (454,'立山区',39);
insert into DISTRICT_INFO values (455,'千山区',39);
insert into DISTRICT_INFO values (456,'台安县',39);
insert into DISTRICT_INFO values (457,'岫岩满族自治县',39);
insert into DISTRICT_INFO values (458,'海城市',39);
insert into DISTRICT_INFO values (459,'新抚区',40);
insert into DISTRICT_INFO values (460,'东洲区',40);
insert into DISTRICT_INFO values (461,'望花区',40);
insert into DISTRICT_INFO values (462,'顺城区',40);
insert into DISTRICT_INFO values (463,'抚顺县',40);
insert into DISTRICT_INFO values (464,'新宾满族自治县',40);
insert into DISTRICT_INFO values (465,'清原满族自治县',40);
insert into DISTRICT_INFO values (466,'平山区',41);
insert into DISTRICT_INFO values (467,'溪湖区',41);
insert into DISTRICT_INFO values (468,'明山区',41);
insert into DISTRICT_INFO values (469,'南芬区',41);
insert into DISTRICT_INFO values (470,'本溪满族自治县',41);
insert into DISTRICT_INFO values (471,'桓仁满族自治县',41);
insert into DISTRICT_INFO values (472,'元宝区',42);
insert into DISTRICT_INFO values (473,'振兴区',42);
insert into DISTRICT_INFO values (474,'振安区',42);
insert into DISTRICT_INFO values (475,'宽甸满族自治县',42);
insert into DISTRICT_INFO values (476,'东港市',42);
insert into DISTRICT_INFO values (477,'凤城市',42);
insert into DISTRICT_INFO values (478,'古塔区',43);
insert into DISTRICT_INFO values (479,'凌河区',43);
insert into DISTRICT_INFO values (480,'太和区',43);
insert into DISTRICT_INFO values (481,'黑山县',43);
insert into DISTRICT_INFO values (482,'义县',43);
insert into DISTRICT_INFO values (483,'凌海市',43);
insert into DISTRICT_INFO values (484,'北宁市',43);
insert into DISTRICT_INFO values (485,'站前区',44);
insert into DISTRICT_INFO values (486,'西市区',44);
insert into DISTRICT_INFO values (487,'鲅鱼圈区',44);
insert into DISTRICT_INFO values (488,'老边区',44);
insert into DISTRICT_INFO values (489,'盖州市',44);
insert into DISTRICT_INFO values (490,'大石桥市',44);
insert into DISTRICT_INFO values (491,'海州区',45);
insert into DISTRICT_INFO values (492,'新邱区',45);
insert into DISTRICT_INFO values (493,'太平区',45);
insert into DISTRICT_INFO values (494,'清河门区',45);
insert into DISTRICT_INFO values (495,'细河区',45);
insert into DISTRICT_INFO values (496,'阜新蒙古族自治县',45);
insert into DISTRICT_INFO values (497,'彰武县',45);
insert into DISTRICT_INFO values (498,'白塔区',46);
insert into DISTRICT_INFO values (499,'文圣区',46);
insert into DISTRICT_INFO values (500,'宏伟区',46);
insert into DISTRICT_INFO values (501,'弓长岭区',46);
insert into DISTRICT_INFO values (502,'太子河区',46);
insert into DISTRICT_INFO values (503,'辽阳县',46);
insert into DISTRICT_INFO values (504,'灯塔市',46);
insert into DISTRICT_INFO values (505,'双台子区',47);
insert into DISTRICT_INFO values (506,'兴隆台区',47);
insert into DISTRICT_INFO values (507,'大洼县',47);
insert into DISTRICT_INFO values (508,'盘山县',47);
insert into DISTRICT_INFO values (509,'银州区',48);
insert into DISTRICT_INFO values (510,'清河区',48);
insert into DISTRICT_INFO values (511,'铁岭县',48);
insert into DISTRICT_INFO values (512,'西丰县',48);
insert into DISTRICT_INFO values (513,'昌图县',48);
insert into DISTRICT_INFO values (514,'调兵山市',48);
insert into DISTRICT_INFO values (515,'开原市',48);
insert into DISTRICT_INFO values (516,'双塔区',49);
insert into DISTRICT_INFO values (517,'龙城区',49);
insert into DISTRICT_INFO values (518,'朝阳县',49);
insert into DISTRICT_INFO values (519,'建平县',49);
insert into DISTRICT_INFO values (520,'喀喇沁左翼蒙古族自治县',49);
insert into DISTRICT_INFO values (521,'北票市',49);
insert into DISTRICT_INFO values (522,'凌源市',49);
insert into DISTRICT_INFO values (523,'连山区',50);
insert into DISTRICT_INFO values (524,'龙港区',50);
insert into DISTRICT_INFO values (525,'南票区',50);
insert into DISTRICT_INFO values (526,'绥中县',50);
insert into DISTRICT_INFO values (527,'建昌县',50);
insert into DISTRICT_INFO values (528,'兴城市',50);
insert into DISTRICT_INFO values (529,'南关区',51);
insert into DISTRICT_INFO values (530,'宽城区',51);
insert into DISTRICT_INFO values (531,'朝阳区',51);
insert into DISTRICT_INFO values (532,'二道区',51);
insert into DISTRICT_INFO values (533,'绿园区',51);
insert into DISTRICT_INFO values (534,'双阳区',51);
insert into DISTRICT_INFO values (535,'农安县',51);
insert into DISTRICT_INFO values (536,'九台市',51);
insert into DISTRICT_INFO values (537,'榆树市',51);
insert into DISTRICT_INFO values (538,'德惠市',51);
insert into DISTRICT_INFO values (539,'昌邑区',52);
insert into DISTRICT_INFO values (540,'龙潭区',52);
insert into DISTRICT_INFO values (541,'船营区',52);
insert into DISTRICT_INFO values (542,'丰满区',52);
insert into DISTRICT_INFO values (543,'永吉县',52);
insert into DISTRICT_INFO values (544,'蛟河市',52);
insert into DISTRICT_INFO values (545,'桦甸市',52);
insert into DISTRICT_INFO values (546,'舒兰市',52);
insert into DISTRICT_INFO values (547,'磐石市',52);
insert into DISTRICT_INFO values (548,'铁西区',53);
insert into DISTRICT_INFO values (549,'铁东区',53);
insert into DISTRICT_INFO values (550,'梨树县',53);
insert into DISTRICT_INFO values (551,'伊通满族自治县',53);
insert into DISTRICT_INFO values (552,'公主岭市',53);
insert into DISTRICT_INFO values (553,'双辽市',53);
insert into DISTRICT_INFO values (554,'龙山区',54);
insert into DISTRICT_INFO values (555,'西安区',54);
insert into DISTRICT_INFO values (556,'东丰县',54);
insert into DISTRICT_INFO values (557,'东辽县',54);
insert into DISTRICT_INFO values (558,'东昌区',55);
insert into DISTRICT_INFO values (559,'二道江区',55);
insert into DISTRICT_INFO values (560,'通化县',55);
insert into DISTRICT_INFO values (561,'辉南县',55);
insert into DISTRICT_INFO values (562,'柳河县',55);
insert into DISTRICT_INFO values (563,'梅河口市',55);
insert into DISTRICT_INFO values (564,'集安市',55);
insert into DISTRICT_INFO values (565,'八道江区',56);
insert into DISTRICT_INFO values (566,'抚松县',56);
insert into DISTRICT_INFO values (567,'靖宇县',56);
insert into DISTRICT_INFO values (568,'长白朝鲜族自治县',56);
insert into DISTRICT_INFO values (569,'江源县',56);
insert into DISTRICT_INFO values (570,'临江市',56);
insert into DISTRICT_INFO values (571,'宁江区',57);
insert into DISTRICT_INFO values (572,'前郭尔罗斯蒙古族自治县',57);
insert into DISTRICT_INFO values (573,'长岭县',57);
insert into DISTRICT_INFO values (574,'乾安县',57);
insert into DISTRICT_INFO values (575,'扶余县',57);
insert into DISTRICT_INFO values (576,'洮北区',58);
insert into DISTRICT_INFO values (577,'镇赉县',58);
insert into DISTRICT_INFO values (578,'通榆县',58);
insert into DISTRICT_INFO values (579,'洮南市',58);
insert into DISTRICT_INFO values (580,'大安市',58);
insert into DISTRICT_INFO values (581,'延吉市',59);
insert into DISTRICT_INFO values (582,'图们市',59);
insert into DISTRICT_INFO values (583,'敦化市',59);
insert into DISTRICT_INFO values (584,'珲春市',59);
insert into DISTRICT_INFO values (585,'龙井市',59);
insert into DISTRICT_INFO values (586,'和龙市',59);
insert into DISTRICT_INFO values (587,'汪清县',59);
insert into DISTRICT_INFO values (588,'安图县',59);
insert into DISTRICT_INFO values (589,'道里区',60);
insert into DISTRICT_INFO values (590,'南岗区',60);
insert into DISTRICT_INFO values (591,'道外区',60);
insert into DISTRICT_INFO values (592,'香坊区',60);
insert into DISTRICT_INFO values (593,'动力区',60);
insert into DISTRICT_INFO values (594,'平房区',60);
insert into DISTRICT_INFO values (595,'松北区',60);
insert into DISTRICT_INFO values (596,'呼兰区',60);
insert into DISTRICT_INFO values (597,'依兰县',60);
insert into DISTRICT_INFO values (598,'方正县',60);
insert into DISTRICT_INFO values (599,'宾县',60);
insert into DISTRICT_INFO values (600,'巴彦县',60);
insert into DISTRICT_INFO values (601,'木兰县',60);
insert into DISTRICT_INFO values (602,'通河县',60);
insert into DISTRICT_INFO values (603,'延寿县',60);
insert into DISTRICT_INFO values (604,'阿城市',60);
insert into DISTRICT_INFO values (605,'双城市',60);
insert into DISTRICT_INFO values (606,'尚志市',60);
insert into DISTRICT_INFO values (607,'五常市',60);
insert into DISTRICT_INFO values (608,'龙沙区',61);
insert into DISTRICT_INFO values (609,'建华区',61);
insert into DISTRICT_INFO values (610,'铁锋区',61);
insert into DISTRICT_INFO values (611,'昂昂溪区',61);
insert into DISTRICT_INFO values (612,'富拉尔基区',61);
insert into DISTRICT_INFO values (613,'碾子山区',61);
insert into DISTRICT_INFO values (614,'梅里斯达斡尔族区',61);
insert into DISTRICT_INFO values (615,'龙江县',61);
insert into DISTRICT_INFO values (616,'依安县',61);
insert into DISTRICT_INFO values (617,'泰来县',61);
insert into DISTRICT_INFO values (618,'甘南县',61);
insert into DISTRICT_INFO values (619,'富裕县',61);
insert into DISTRICT_INFO values (620,'克山县',61);
insert into DISTRICT_INFO values (621,'克东县',61);
insert into DISTRICT_INFO values (622,'拜泉县',61);
insert into DISTRICT_INFO values (623,'讷河市',61);
insert into DISTRICT_INFO values (624,'鸡冠区',62);
insert into DISTRICT_INFO values (625,'恒山区',62);
insert into DISTRICT_INFO values (626,'滴道区',62);
insert into DISTRICT_INFO values (627,'梨树区',62);
insert into DISTRICT_INFO values (628,'城子河区',62);
insert into DISTRICT_INFO values (629,'麻山区',62);
insert into DISTRICT_INFO values (630,'鸡东县',62);
insert into DISTRICT_INFO values (631,'虎林市',62);
insert into DISTRICT_INFO values (632,'密山市',62);
insert into DISTRICT_INFO values (633,'向阳区',63);
insert into DISTRICT_INFO values (634,'工农区',63);
insert into DISTRICT_INFO values (635,'南山区',63);
insert into DISTRICT_INFO values (636,'兴安区',63);
insert into DISTRICT_INFO values (637,'东山区',63);
insert into DISTRICT_INFO values (638,'兴山区',63);
insert into DISTRICT_INFO values (639,'萝北县',63);
insert into DISTRICT_INFO values (640,'绥滨县',63);
insert into DISTRICT_INFO values (641,'尖山区',64);
insert into DISTRICT_INFO values (642,'岭东区',64);
insert into DISTRICT_INFO values (643,'四方台区',64);
insert into DISTRICT_INFO values (644,'宝山区',64);
insert into DISTRICT_INFO values (645,'集贤县',64);
insert into DISTRICT_INFO values (646,'友谊县',64);
insert into DISTRICT_INFO values (647,'宝清县',64);
insert into DISTRICT_INFO values (648,'饶河县',64);
insert into DISTRICT_INFO values (649,'萨尔图区',65);
insert into DISTRICT_INFO values (650,'龙凤区',65);
insert into DISTRICT_INFO values (651,'让胡路区',65);
insert into DISTRICT_INFO values (652,'红岗区',65);
insert into DISTRICT_INFO values (653,'大同区',65);
insert into DISTRICT_INFO values (654,'肇州县',65);
insert into DISTRICT_INFO values (655,'肇源县',65);
insert into DISTRICT_INFO values (656,'林甸县',65);
insert into DISTRICT_INFO values (657,'杜尔伯特蒙古族自治县',65);
insert into DISTRICT_INFO values (658,'伊春区',66);
insert into DISTRICT_INFO values (659,'南岔区',66);
insert into DISTRICT_INFO values (660,'友好区',66);
insert into DISTRICT_INFO values (661,'西林区',66);
insert into DISTRICT_INFO values (662,'翠峦区',66);
insert into DISTRICT_INFO values (663,'新青区',66);
insert into DISTRICT_INFO values (664,'美溪区',66);
insert into DISTRICT_INFO values (665,'金山屯区',66);
insert into DISTRICT_INFO values (666,'五营区',66);
insert into DISTRICT_INFO values (667,'乌马河区',66);
insert into DISTRICT_INFO values (668,'汤旺河区',66);
insert into DISTRICT_INFO values (669,'带岭区',66);
insert into DISTRICT_INFO values (670,'乌伊岭区',66);
insert into DISTRICT_INFO values (671,'红星区',66);
insert into DISTRICT_INFO values (672,'上甘岭区',66);
insert into DISTRICT_INFO values (673,'嘉荫县',66);
insert into DISTRICT_INFO values (674,'铁力市',66);
insert into DISTRICT_INFO values (675,'永红区',67);
insert into DISTRICT_INFO values (676,'向阳区',67);
insert into DISTRICT_INFO values (677,'前进区',67);
insert into DISTRICT_INFO values (678,'东风区',67);
insert into DISTRICT_INFO values (679,'郊区',67);
insert into DISTRICT_INFO values (680,'桦南县',67);
insert into DISTRICT_INFO values (681,'桦川县',67);
insert into DISTRICT_INFO values (682,'汤原县',67);
insert into DISTRICT_INFO values (683,'抚远县',67);
insert into DISTRICT_INFO values (684,'同江市',67);
insert into DISTRICT_INFO values (685,'富锦市',67);
insert into DISTRICT_INFO values (686,'新兴区',68);
insert into DISTRICT_INFO values (687,'桃山区',68);
insert into DISTRICT_INFO values (688,'茄子河区',68);
insert into DISTRICT_INFO values (689,'勃利县',68);
insert into DISTRICT_INFO values (690,'东安区',69);
insert into DISTRICT_INFO values (691,'阳明区',69);
insert into DISTRICT_INFO values (692,'爱民区',69);
insert into DISTRICT_INFO values (693,'西安区',69);
insert into DISTRICT_INFO values (694,'东宁县',69);
insert into DISTRICT_INFO values (695,'林口县',69);
insert into DISTRICT_INFO values (696,'绥芬河市',69);
insert into DISTRICT_INFO values (697,'海林市',69);
insert into DISTRICT_INFO values (698,'宁安市',69);
insert into DISTRICT_INFO values (699,'穆棱市',69);
insert into DISTRICT_INFO values (700,'爱辉区',70);
insert into DISTRICT_INFO values (701,'嫩江县',70);
insert into DISTRICT_INFO values (702,'逊克县',70);
insert into DISTRICT_INFO values (703,'孙吴县',70);
insert into DISTRICT_INFO values (704,'北安市',70);
insert into DISTRICT_INFO values (705,'五大连池市',70);
insert into DISTRICT_INFO values (706,'北林区',71);
insert into DISTRICT_INFO values (707,'望奎县',71);
insert into DISTRICT_INFO values (708,'兰西县',71);
insert into DISTRICT_INFO values (709,'青冈县',71);
insert into DISTRICT_INFO values (710,'庆安县',71);
insert into DISTRICT_INFO values (711,'明水县',71);
insert into DISTRICT_INFO values (712,'绥棱县',71);
insert into DISTRICT_INFO values (713,'安达市',71);
insert into DISTRICT_INFO values (714,'肇东市',71);
insert into DISTRICT_INFO values (715,'海伦市',71);
insert into DISTRICT_INFO values (716,'呼玛县',72);
insert into DISTRICT_INFO values (717,'塔河县',72);
insert into DISTRICT_INFO values (718,'漠河县',72);
insert into DISTRICT_INFO values (719,'黄浦区',73);
insert into DISTRICT_INFO values (720,'卢湾区',73);
insert into DISTRICT_INFO values (721,'徐汇区',73);
insert into DISTRICT_INFO values (722,'长宁区',73);
insert into DISTRICT_INFO values (723,'静安区',73);
insert into DISTRICT_INFO values (724,'普陀区',73);
insert into DISTRICT_INFO values (725,'闸北区',73);
insert into DISTRICT_INFO values (726,'虹口区',73);
insert into DISTRICT_INFO values (727,'杨浦区',73);
insert into DISTRICT_INFO values (728,'闵行区',73);
insert into DISTRICT_INFO values (729,'宝山区',73);
insert into DISTRICT_INFO values (730,'嘉定区',73);
insert into DISTRICT_INFO values (731,'浦东新区',73);
insert into DISTRICT_INFO values (732,'金山区',73);
insert into DISTRICT_INFO values (733,'松江区',73);
insert into DISTRICT_INFO values (734,'青浦区',73);
insert into DISTRICT_INFO values (735,'南汇区',73);
insert into DISTRICT_INFO values (736,'奉贤区',73);
insert into DISTRICT_INFO values (737,'崇明县',73);
insert into DISTRICT_INFO values (738,'玄武区',74);
insert into DISTRICT_INFO values (739,'白下区',74);
insert into DISTRICT_INFO values (740,'秦淮区',74);
insert into DISTRICT_INFO values (741,'建邺区',74);
insert into DISTRICT_INFO values (742,'鼓楼区',74);
insert into DISTRICT_INFO values (743,'下关区',74);
insert into DISTRICT_INFO values (744,'浦口区',74);
insert into DISTRICT_INFO values (745,'栖霞区',74);
insert into DISTRICT_INFO values (746,'雨花台区',74);
insert into DISTRICT_INFO values (747,'江宁区',74);
insert into DISTRICT_INFO values (748,'六合区',74);
insert into DISTRICT_INFO values (749,'溧水县',74);
insert into DISTRICT_INFO values (750,'高淳县',74);
insert into DISTRICT_INFO values (751,'崇安区',75);
insert into DISTRICT_INFO values (752,'南长区',75);
insert into DISTRICT_INFO values (753,'北塘区',75);
insert into DISTRICT_INFO values (754,'锡山区',75);
insert into DISTRICT_INFO values (755,'惠山区',75);
insert into DISTRICT_INFO values (756,'滨湖区',75);
insert into DISTRICT_INFO values (757,'江阴市',75);
insert into DISTRICT_INFO values (758,'宜兴市',75);
insert into DISTRICT_INFO values (759,'鼓楼区',76);
insert into DISTRICT_INFO values (760,'云龙区',76);
insert into DISTRICT_INFO values (761,'九里区',76);
insert into DISTRICT_INFO values (762,'贾汪区',76);
insert into DISTRICT_INFO values (763,'泉山区',76);
insert into DISTRICT_INFO values (764,'丰县',76);
insert into DISTRICT_INFO values (765,'沛县',76);
insert into DISTRICT_INFO values (766,'铜山县',76);
insert into DISTRICT_INFO values (767,'睢宁县',76);
insert into DISTRICT_INFO values (768,'新沂市',76);
insert into DISTRICT_INFO values (769,'邳州市',76);
insert into DISTRICT_INFO values (770,'天宁区',77);
insert into DISTRICT_INFO values (771,'钟楼区',77);
insert into DISTRICT_INFO values (772,'戚墅堰区',77);
insert into DISTRICT_INFO values (773,'新北区',77);
insert into DISTRICT_INFO values (774,'武进区',77);
insert into DISTRICT_INFO values (775,'溧阳市',77);
insert into DISTRICT_INFO values (776,'金坛市',77);
insert into DISTRICT_INFO values (777,'沧浪区',78);
insert into DISTRICT_INFO values (778,'平江区',78);
insert into DISTRICT_INFO values (779,'金阊区',78);
insert into DISTRICT_INFO values (780,'虎丘区',78);
insert into DISTRICT_INFO values (781,'吴中区',78);
insert into DISTRICT_INFO values (782,'相城区',78);
insert into DISTRICT_INFO values (783,'常熟市',78);
insert into DISTRICT_INFO values (784,'张家港市',78);
insert into DISTRICT_INFO values (785,'昆山市',78);
insert into DISTRICT_INFO values (786,'吴江市',78);
insert into DISTRICT_INFO values (787,'太仓市',78);
insert into DISTRICT_INFO values (788,'崇川区',79);
insert into DISTRICT_INFO values (789,'港闸区',79);
insert into DISTRICT_INFO values (790,'海安县',79);
insert into DISTRICT_INFO values (791,'如东县',79);
insert into DISTRICT_INFO values (792,'启东市',79);
insert into DISTRICT_INFO values (793,'如皋市',79);
insert into DISTRICT_INFO values (794,'通州市',79);
insert into DISTRICT_INFO values (795,'海门市',79);
insert into DISTRICT_INFO values (796,'连云区',80);
insert into DISTRICT_INFO values (797,'新浦区',80);
insert into DISTRICT_INFO values (798,'海州区',80);
insert into DISTRICT_INFO values (799,'赣榆县',80);
insert into DISTRICT_INFO values (800,'东海县',80);
insert into DISTRICT_INFO values (801,'灌云县',80);
insert into DISTRICT_INFO values (802,'灌南县',80);
insert into DISTRICT_INFO values (803,'清河区',81);
insert into DISTRICT_INFO values (804,'楚州区',81);
insert into DISTRICT_INFO values (805,'淮阴区',81);
insert into DISTRICT_INFO values (806,'清浦区',81);
insert into DISTRICT_INFO values (807,'涟水县',81);
insert into DISTRICT_INFO values (808,'洪泽县',81);
insert into DISTRICT_INFO values (809,'盱眙县',81);
insert into DISTRICT_INFO values (810,'金湖县',81);
insert into DISTRICT_INFO values (811,'亭湖区',82);
insert into DISTRICT_INFO values (812,'盐都区',82);
insert into DISTRICT_INFO values (813,'响水县',82);
insert into DISTRICT_INFO values (814,'滨海县',82);
insert into DISTRICT_INFO values (815,'阜宁县',82);
insert into DISTRICT_INFO values (816,'射阳县',82);
insert into DISTRICT_INFO values (817,'建湖县',82);
insert into DISTRICT_INFO values (818,'东台市',82);
insert into DISTRICT_INFO values (819,'大丰市',82);
insert into DISTRICT_INFO values (820,'广陵区',83);
insert into DISTRICT_INFO values (821,'邗江区',83);
insert into DISTRICT_INFO values (822,'维扬区',83);
insert into DISTRICT_INFO values (823,'宝应县',83);
insert into DISTRICT_INFO values (824,'仪征市',83);
insert into DISTRICT_INFO values (825,'高邮市',83);
insert into DISTRICT_INFO values (826,'江都市',83);
insert into DISTRICT_INFO values (827,'京口区',84);
insert into DISTRICT_INFO values (828,'润州区',84);
insert into DISTRICT_INFO values (829,'丹徒区',84);
insert into DISTRICT_INFO values (830,'丹阳市',84);
insert into DISTRICT_INFO values (831,'扬中市',84);
insert into DISTRICT_INFO values (832,'句容市',84);
insert into DISTRICT_INFO values (833,'海陵区',85);
insert into DISTRICT_INFO values (834,'高港区',85);
insert into DISTRICT_INFO values (835,'兴化市',85);
insert into DISTRICT_INFO values (836,'靖江市',85);
insert into DISTRICT_INFO values (837,'泰兴市',85);
insert into DISTRICT_INFO values (838,'姜堰市',85);
insert into DISTRICT_INFO values (839,'宿城区',86);
insert into DISTRICT_INFO values (840,'宿豫区',86);
insert into DISTRICT_INFO values (841,'沭阳县',86);
insert into DISTRICT_INFO values (842,'泗阳县',86);
insert into DISTRICT_INFO values (843,'泗洪县',86);
insert into DISTRICT_INFO values (844,'上城区',87);
insert into DISTRICT_INFO values (845,'下城区',87);
insert into DISTRICT_INFO values (846,'江干区',87);
insert into DISTRICT_INFO values (847,'拱墅区',87);
insert into DISTRICT_INFO values (848,'西湖区',87);
insert into DISTRICT_INFO values (849,'滨江区',87);
insert into DISTRICT_INFO values (850,'萧山区',87);
insert into DISTRICT_INFO values (851,'余杭区',87);
insert into DISTRICT_INFO values (852,'桐庐县',87);
insert into DISTRICT_INFO values (853,'淳安县',87);
insert into DISTRICT_INFO values (854,'建德市',87);
insert into DISTRICT_INFO values (855,'富阳市',87);
insert into DISTRICT_INFO values (856,'临安市',87);
insert into DISTRICT_INFO values (857,'海曙区',88);
insert into DISTRICT_INFO values (858,'江东区',88);
insert into DISTRICT_INFO values (859,'江北区',88);
insert into DISTRICT_INFO values (860,'北仑区',88);
insert into DISTRICT_INFO values (861,'镇海区',88);
insert into DISTRICT_INFO values (862,'鄞州区',88);
insert into DISTRICT_INFO values (863,'象山县',88);
insert into DISTRICT_INFO values (864,'宁海县',88);
insert into DISTRICT_INFO values (865,'余姚市',88);
insert into DISTRICT_INFO values (866,'慈溪市',88);
insert into DISTRICT_INFO values (867,'奉化市',88);
insert into DISTRICT_INFO values (868,'鹿城区',89);
insert into DISTRICT_INFO values (869,'龙湾区',89);
insert into DISTRICT_INFO values (870,'瓯海区',89);
insert into DISTRICT_INFO values (871,'洞头县',89);
insert into DISTRICT_INFO values (872,'永嘉县',89);
insert into DISTRICT_INFO values (873,'平阳县',89);
insert into DISTRICT_INFO values (874,'苍南县',89);
insert into DISTRICT_INFO values (875,'文成县',89);
insert into DISTRICT_INFO values (876,'泰顺县',89);
insert into DISTRICT_INFO values (877,'瑞安市',89);
insert into DISTRICT_INFO values (878,'乐清市',89);
insert into DISTRICT_INFO values (879,'秀城区',90);
insert into DISTRICT_INFO values (880,'秀洲区',90);
insert into DISTRICT_INFO values (881,'嘉善县',90);
insert into DISTRICT_INFO values (882,'海盐县',90);
insert into DISTRICT_INFO values (883,'海宁市',90);
insert into DISTRICT_INFO values (884,'平湖市',90);
insert into DISTRICT_INFO values (885,'桐乡市',90);
insert into DISTRICT_INFO values (886,'吴兴区',91);
insert into DISTRICT_INFO values (887,'南浔区',91);
insert into DISTRICT_INFO values (888,'德清县',91);
insert into DISTRICT_INFO values (889,'长兴县',91);
insert into DISTRICT_INFO values (890,'安吉县',91);
insert into DISTRICT_INFO values (891,'越城区',92);
insert into DISTRICT_INFO values (892,'绍兴县',92);
insert into DISTRICT_INFO values (893,'新昌县',92);
insert into DISTRICT_INFO values (894,'诸暨市',92);
insert into DISTRICT_INFO values (895,'上虞市',92);
insert into DISTRICT_INFO values (896,'嵊州市',92);
insert into DISTRICT_INFO values (897,'婺城区',93);
insert into DISTRICT_INFO values (898,'金东区',93);
insert into DISTRICT_INFO values (899,'武义县',93);
insert into DISTRICT_INFO values (900,'浦江县',93);
insert into DISTRICT_INFO values (901,'磐安县',93);
insert into DISTRICT_INFO values (902,'兰溪市',93);
insert into DISTRICT_INFO values (903,'义乌市',93);
insert into DISTRICT_INFO values (904,'东阳市',93);
insert into DISTRICT_INFO values (905,'永康市',93);
insert into DISTRICT_INFO values (906,'柯城区',94);
insert into DISTRICT_INFO values (907,'衢江区',94);
insert into DISTRICT_INFO values (908,'常山县',94);
insert into DISTRICT_INFO values (909,'开化县',94);
insert into DISTRICT_INFO values (910,'龙游县',94);
insert into DISTRICT_INFO values (911,'江山市',94);
insert into DISTRICT_INFO values (912,'定海区',95);
insert into DISTRICT_INFO values (913,'普陀区',95);
insert into DISTRICT_INFO values (914,'岱山县',95);
insert into DISTRICT_INFO values (915,'嵊泗县',95);
insert into DISTRICT_INFO values (916,'椒江区',96);
insert into DISTRICT_INFO values (917,'黄岩区',96);
insert into DISTRICT_INFO values (918,'路桥区',96);
insert into DISTRICT_INFO values (919,'玉环县',96);
insert into DISTRICT_INFO values (920,'三门县',96);
insert into DISTRICT_INFO values (921,'天台县',96);
insert into DISTRICT_INFO values (922,'仙居县',96);
insert into DISTRICT_INFO values (923,'温岭市',96);
insert into DISTRICT_INFO values (924,'临海市',96);
insert into DISTRICT_INFO values (925,'莲都区',97);
insert into DISTRICT_INFO values (926,'青田县',97);
insert into DISTRICT_INFO values (927,'缙云县',97);
insert into DISTRICT_INFO values (928,'遂昌县',97);
insert into DISTRICT_INFO values (929,'松阳县',97);
insert into DISTRICT_INFO values (930,'云和县',97);
insert into DISTRICT_INFO values (931,'庆元县',97);
insert into DISTRICT_INFO values (932,'景宁畲族自治县',97);
insert into DISTRICT_INFO values (933,'龙泉市',97);
insert into DISTRICT_INFO values (934,'瑶海区',98);
insert into DISTRICT_INFO values (935,'庐阳区',98);
insert into DISTRICT_INFO values (936,'蜀山区',98);
insert into DISTRICT_INFO values (937,'包河区',98);
insert into DISTRICT_INFO values (938,'长丰县',98);
insert into DISTRICT_INFO values (939,'肥东县',98);
insert into DISTRICT_INFO values (940,'肥西县',98);
insert into DISTRICT_INFO values (941,'镜湖区',99);
insert into DISTRICT_INFO values (942,'马塘区',99);
insert into DISTRICT_INFO values (943,'新芜区',99);
insert into DISTRICT_INFO values (944,'鸠江区',99);
insert into DISTRICT_INFO values (945,'芜湖县',99);
insert into DISTRICT_INFO values (946,'繁昌县',99);
insert into DISTRICT_INFO values (947,'南陵县',99);
insert into DISTRICT_INFO values (948,'龙子湖区',100);
insert into DISTRICT_INFO values (949,'蚌山区',100);
insert into DISTRICT_INFO values (950,'禹会区',100);
insert into DISTRICT_INFO values (951,'淮上区',100);
insert into DISTRICT_INFO values (952,'怀远县',100);
insert into DISTRICT_INFO values (953,'五河县',100);
insert into DISTRICT_INFO values (954,'固镇县',100);
insert into DISTRICT_INFO values (955,'大通区',101);
insert into DISTRICT_INFO values (956,'田家庵区',101);
insert into DISTRICT_INFO values (957,'谢家集区',101);
insert into DISTRICT_INFO values (958,'八公山区',101);
insert into DISTRICT_INFO values (959,'潘集区',101);
insert into DISTRICT_INFO values (960,'凤台县',101);
insert into DISTRICT_INFO values (961,'金家庄区',102);
insert into DISTRICT_INFO values (962,'花山区',102);
insert into DISTRICT_INFO values (963,'雨山区',102);
insert into DISTRICT_INFO values (964,'当涂县',102);
insert into DISTRICT_INFO values (965,'杜集区',103);
insert into DISTRICT_INFO values (966,'相山区',103);
insert into DISTRICT_INFO values (967,'烈山区',103);
insert into DISTRICT_INFO values (968,'濉溪县',103);
insert into DISTRICT_INFO values (969,'铜官山区',104);
insert into DISTRICT_INFO values (970,'狮子山区',104);
insert into DISTRICT_INFO values (971,'郊区',104);
insert into DISTRICT_INFO values (972,'铜陵县',104);
insert into DISTRICT_INFO values (973,'迎江区',105);
insert into DISTRICT_INFO values (974,'大观区',105);
insert into DISTRICT_INFO values (975,'郊区',105);
insert into DISTRICT_INFO values (976,'怀宁县',105);
insert into DISTRICT_INFO values (977,'枞阳县',105);
insert into DISTRICT_INFO values (978,'潜山县',105);
insert into DISTRICT_INFO values (979,'太湖县',105);
insert into DISTRICT_INFO values (980,'宿松县',105);
insert into DISTRICT_INFO values (981,'望江县',105);
insert into DISTRICT_INFO values (982,'岳西县',105);
insert into DISTRICT_INFO values (983,'桐城市',105);
insert into DISTRICT_INFO values (984,'屯溪区',106);
insert into DISTRICT_INFO values (985,'黄山区',106);
insert into DISTRICT_INFO values (986,'徽州区',106);
insert into DISTRICT_INFO values (987,'歙县',106);
insert into DISTRICT_INFO values (988,'休宁县',106);
insert into DISTRICT_INFO values (989,'黟县',106);
insert into DISTRICT_INFO values (990,'祁门县',106);
insert into DISTRICT_INFO values (991,'琅琊区',107);
insert into DISTRICT_INFO values (992,'南谯区',107);
insert into DISTRICT_INFO values (993,'来安县',107);
insert into DISTRICT_INFO values (994,'全椒县',107);
insert into DISTRICT_INFO values (995,'定远县',107);
insert into DISTRICT_INFO values (996,'凤阳县',107);
insert into DISTRICT_INFO values (997,'天长市',107);
insert into DISTRICT_INFO values (998,'明光市',107);
insert into DISTRICT_INFO values (999,'颍州区',108);
insert into DISTRICT_INFO values (1000,'颍东区',108);
insert into DISTRICT_INFO values (1001,'颍泉区',108);
insert into DISTRICT_INFO values (1002,'临泉县',108);
insert into DISTRICT_INFO values (1003,'太和县',108);
insert into DISTRICT_INFO values (1004,'阜南县',108);
insert into DISTRICT_INFO values (1005,'颍上县',108);
insert into DISTRICT_INFO values (1006,'界首市',108);
insert into DISTRICT_INFO values (1007,'埇桥区',109);
insert into DISTRICT_INFO values (1008,'砀山县',109);
insert into DISTRICT_INFO values (1009,'萧县',109);
insert into DISTRICT_INFO values (1010,'灵璧县',109);
insert into DISTRICT_INFO values (1011,'泗县',109);
insert into DISTRICT_INFO values (1012,'居巢区',110);
insert into DISTRICT_INFO values (1013,'庐江县',110);
insert into DISTRICT_INFO values (1014,'无为县',110);
insert into DISTRICT_INFO values (1015,'含山县',110);
insert into DISTRICT_INFO values (1016,'和县',110);
insert into DISTRICT_INFO values (1017,'金安区',111);
insert into DISTRICT_INFO values (1018,'裕安区',111);
insert into DISTRICT_INFO values (1019,'寿县',111);
insert into DISTRICT_INFO values (1020,'霍邱县',111);
insert into DISTRICT_INFO values (1021,'舒城县',111);
insert into DISTRICT_INFO values (1022,'金寨县',111);
insert into DISTRICT_INFO values (1023,'霍山县',111);
insert into DISTRICT_INFO values (1024,'谯城区',112);
insert into DISTRICT_INFO values (1025,'涡阳县',112);
insert into DISTRICT_INFO values (1026,'蒙城县',112);
insert into DISTRICT_INFO values (1027,'利辛县',112);
insert into DISTRICT_INFO values (1028,'贵池区',113);
insert into DISTRICT_INFO values (1029,'东至县',113);
insert into DISTRICT_INFO values (1030,'石台县',113);
insert into DISTRICT_INFO values (1031,'青阳县',113);
insert into DISTRICT_INFO values (1032,'宣州区',114);
insert into DISTRICT_INFO values (1033,'郎溪县',114);
insert into DISTRICT_INFO values (1034,'广德县',114);
insert into DISTRICT_INFO values (1035,'泾县',114);
insert into DISTRICT_INFO values (1036,'绩溪县',114);
insert into DISTRICT_INFO values (1037,'旌德县',114);
insert into DISTRICT_INFO values (1038,'宁国市',114);
insert into DISTRICT_INFO values (1039,'鼓楼区',115);
insert into DISTRICT_INFO values (1040,'台江区',115);
insert into DISTRICT_INFO values (1041,'仓山区',115);
insert into DISTRICT_INFO values (1042,'马尾区',115);
insert into DISTRICT_INFO values (1043,'晋安区',115);
insert into DISTRICT_INFO values (1044,'闽侯县',115);
insert into DISTRICT_INFO values (1045,'连江县',115);
insert into DISTRICT_INFO values (1046,'罗源县',115);
insert into DISTRICT_INFO values (1047,'闽清县',115);
insert into DISTRICT_INFO values (1048,'永泰县',115);
insert into DISTRICT_INFO values (1049,'平潭县',115);
insert into DISTRICT_INFO values (1050,'福清市',115);
insert into DISTRICT_INFO values (1051,'长乐市',115);
insert into DISTRICT_INFO values (1052,'思明区',116);
insert into DISTRICT_INFO values (1053,'海沧区',116);
insert into DISTRICT_INFO values (1054,'湖里区',116);
insert into DISTRICT_INFO values (1055,'集美区',116);
insert into DISTRICT_INFO values (1056,'同安区',116);
insert into DISTRICT_INFO values (1057,'翔安区',116);
insert into DISTRICT_INFO values (1058,'城厢区',117);
insert into DISTRICT_INFO values (1059,'涵江区',117);
insert into DISTRICT_INFO values (1060,'荔城区',117);
insert into DISTRICT_INFO values (1061,'秀屿区',117);
insert into DISTRICT_INFO values (1062,'仙游县',117);
insert into DISTRICT_INFO values (1063,'梅列区',118);
insert into DISTRICT_INFO values (1064,'三元区',118);
insert into DISTRICT_INFO values (1065,'明溪县',118);
insert into DISTRICT_INFO values (1066,'清流县',118);
insert into DISTRICT_INFO values (1067,'宁化县',118);
insert into DISTRICT_INFO values (1068,'大田县',118);
insert into DISTRICT_INFO values (1069,'尤溪县',118);
insert into DISTRICT_INFO values (1070,'沙县',118);
insert into DISTRICT_INFO values (1071,'将乐县',118);
insert into DISTRICT_INFO values (1072,'泰宁县',118);
insert into DISTRICT_INFO values (1073,'建宁县',118);
insert into DISTRICT_INFO values (1074,'永安市',118);
insert into DISTRICT_INFO values (1075,'鲤城区',119);
insert into DISTRICT_INFO values (1076,'丰泽区',119);
insert into DISTRICT_INFO values (1077,'洛江区',119);
insert into DISTRICT_INFO values (1078,'泉港区',119);
insert into DISTRICT_INFO values (1079,'惠安县',119);
insert into DISTRICT_INFO values (1080,'安溪县',119);
insert into DISTRICT_INFO values (1081,'永春县',119);
insert into DISTRICT_INFO values (1082,'德化县',119);
insert into DISTRICT_INFO values (1083,'金门县',119);
insert into DISTRICT_INFO values (1084,'石狮市',119);
insert into DISTRICT_INFO values (1085,'晋江市',119);
insert into DISTRICT_INFO values (1086,'南安市',119);
insert into DISTRICT_INFO values (1087,'芗城区',120);
insert into DISTRICT_INFO values (1088,'龙文区',120);
insert into DISTRICT_INFO values (1089,'云霄县',120);
insert into DISTRICT_INFO values (1090,'漳浦县',120);
insert into DISTRICT_INFO values (1091,'诏安县',120);
insert into DISTRICT_INFO values (1092,'长泰县',120);
insert into DISTRICT_INFO values (1093,'东山县',120);
insert into DISTRICT_INFO values (1094,'南靖县',120);
insert into DISTRICT_INFO values (1095,'平和县',120);
insert into DISTRICT_INFO values (1096,'华安县',120);
insert into DISTRICT_INFO values (1097,'龙海市',120);
insert into DISTRICT_INFO values (1098,'延平区',121);
insert into DISTRICT_INFO values (1099,'顺昌县',121);
insert into DISTRICT_INFO values (1100,'浦城县',121);
insert into DISTRICT_INFO values (1101,'光泽县',121);
insert into DISTRICT_INFO values (1102,'松溪县',121);
insert into DISTRICT_INFO values (1103,'政和县',121);
insert into DISTRICT_INFO values (1104,'邵武市',121);
insert into DISTRICT_INFO values (1105,'武夷山市',121);
insert into DISTRICT_INFO values (1106,'建瓯市',121);
insert into DISTRICT_INFO values (1107,'建阳市',121);
insert into DISTRICT_INFO values (1108,'新罗区',122);
insert into DISTRICT_INFO values (1109,'长汀县',122);
insert into DISTRICT_INFO values (1110,'永定县',122);
insert into DISTRICT_INFO values (1111,'上杭县',122);
insert into DISTRICT_INFO values (1112,'武平县',122);
insert into DISTRICT_INFO values (1113,'连城县',122);
insert into DISTRICT_INFO values (1114,'漳平市',122);
insert into DISTRICT_INFO values (1115,'蕉城区',123);
insert into DISTRICT_INFO values (1116,'霞浦县',123);
insert into DISTRICT_INFO values (1117,'古田县',123);
insert into DISTRICT_INFO values (1118,'屏南县',123);
insert into DISTRICT_INFO values (1119,'寿宁县',123);
insert into DISTRICT_INFO values (1120,'周宁县',123);
insert into DISTRICT_INFO values (1121,'柘荣县',123);
insert into DISTRICT_INFO values (1122,'福安市',123);
insert into DISTRICT_INFO values (1123,'福鼎市',123);
insert into DISTRICT_INFO values (1124,'东湖区',124);
insert into DISTRICT_INFO values (1125,'西湖区',124);
insert into DISTRICT_INFO values (1126,'青云谱区',124);
insert into DISTRICT_INFO values (1127,'湾里区',124);
insert into DISTRICT_INFO values (1128,'青山湖区',124);
insert into DISTRICT_INFO values (1129,'南昌县',124);
insert into DISTRICT_INFO values (1130,'新建县',124);
insert into DISTRICT_INFO values (1131,'安义县',124);
insert into DISTRICT_INFO values (1132,'进贤县',124);
insert into DISTRICT_INFO values (1133,'昌江区',125);
insert into DISTRICT_INFO values (1134,'珠山区',125);
insert into DISTRICT_INFO values (1135,'浮梁县',125);
insert into DISTRICT_INFO values (1136,'乐平市',125);
insert into DISTRICT_INFO values (1137,'安源区',126);
insert into DISTRICT_INFO values (1138,'湘东区',126);
insert into DISTRICT_INFO values (1139,'莲花县',126);
insert into DISTRICT_INFO values (1140,'上栗县',126);
insert into DISTRICT_INFO values (1141,'芦溪县',126);
insert into DISTRICT_INFO values (1142,'庐山区',127);
insert into DISTRICT_INFO values (1143,'浔阳区',127);
insert into DISTRICT_INFO values (1144,'九江县',127);
insert into DISTRICT_INFO values (1145,'武宁县',127);
insert into DISTRICT_INFO values (1146,'修水县',127);
insert into DISTRICT_INFO values (1147,'永修县',127);
insert into DISTRICT_INFO values (1148,'德安县',127);
insert into DISTRICT_INFO values (1149,'星子县',127);
insert into DISTRICT_INFO values (1150,'都昌县',127);
insert into DISTRICT_INFO values (1151,'湖口县',127);
insert into DISTRICT_INFO values (1152,'彭泽县',127);
insert into DISTRICT_INFO values (1153,'瑞昌市',127);
insert into DISTRICT_INFO values (1154,'渝水区',128);
insert into DISTRICT_INFO values (1155,'分宜县',128);
insert into DISTRICT_INFO values (1156,'月湖区',129);
insert into DISTRICT_INFO values (1157,'余江县',129);
insert into DISTRICT_INFO values (1158,'贵溪市',129);
insert into DISTRICT_INFO values (1159,'章贡区',130);
insert into DISTRICT_INFO values (1160,'赣县',130);
insert into DISTRICT_INFO values (1161,'信丰县',130);
insert into DISTRICT_INFO values (1162,'大余县',130);
insert into DISTRICT_INFO values (1163,'上犹县',130);
insert into DISTRICT_INFO values (1164,'崇义县',130);
insert into DISTRICT_INFO values (1165,'安远县',130);
insert into DISTRICT_INFO values (1166,'龙南县',130);
insert into DISTRICT_INFO values (1167,'定南县',130);
insert into DISTRICT_INFO values (1168,'全南县',130);
insert into DISTRICT_INFO values (1169,'宁都县',130);
insert into DISTRICT_INFO values (1170,'于都县',130);
insert into DISTRICT_INFO values (1171,'兴国县',130);
insert into DISTRICT_INFO values (1172,'会昌县',130);
insert into DISTRICT_INFO values (1173,'寻乌县',130);
insert into DISTRICT_INFO values (1174,'石城县',130);
insert into DISTRICT_INFO values (1175,'瑞金市',130);
insert into DISTRICT_INFO values (1176,'南康市',130);
insert into DISTRICT_INFO values (1177,'吉州区',131);
insert into DISTRICT_INFO values (1178,'青原区',131);
insert into DISTRICT_INFO values (1179,'吉安县',131);
insert into DISTRICT_INFO values (1180,'吉水县',131);
insert into DISTRICT_INFO values (1181,'峡江县',131);
insert into DISTRICT_INFO values (1182,'新干县',131);
insert into DISTRICT_INFO values (1183,'永丰县',131);
insert into DISTRICT_INFO values (1184,'泰和县',131);
insert into DISTRICT_INFO values (1185,'遂川县',131);
insert into DISTRICT_INFO values (1186,'万安县',131);
insert into DISTRICT_INFO values (1187,'安福县',131);
insert into DISTRICT_INFO values (1188,'永新县',131);
insert into DISTRICT_INFO values (1189,'井冈山市',131);
insert into DISTRICT_INFO values (1190,'袁州区',132);
insert into DISTRICT_INFO values (1191,'奉新县',132);
insert into DISTRICT_INFO values (1192,'万载县',132);
insert into DISTRICT_INFO values (1193,'上高县',132);
insert into DISTRICT_INFO values (1194,'宜丰县',132);
insert into DISTRICT_INFO values (1195,'靖安县',132);
insert into DISTRICT_INFO values (1196,'铜鼓县',132);
insert into DISTRICT_INFO values (1197,'丰城市',132);
insert into DISTRICT_INFO values (1198,'樟树市',132);
insert into DISTRICT_INFO values (1199,'高安市',132);
insert into DISTRICT_INFO values (1200,'临川区',133);
insert into DISTRICT_INFO values (1201,'南城县',133);
insert into DISTRICT_INFO values (1202,'黎川县',133);
insert into DISTRICT_INFO values (1203,'南丰县',133);
insert into DISTRICT_INFO values (1204,'崇仁县',133);
insert into DISTRICT_INFO values (1205,'乐安县',133);
insert into DISTRICT_INFO values (1206,'宜黄县',133);
insert into DISTRICT_INFO values (1207,'金溪县',133);
insert into DISTRICT_INFO values (1208,'资溪县',133);
insert into DISTRICT_INFO values (1209,'东乡县',133);
insert into DISTRICT_INFO values (1210,'广昌县',133);
insert into DISTRICT_INFO values (1211,'信州区',134);
insert into DISTRICT_INFO values (1212,'上饶县',134);
insert into DISTRICT_INFO values (1213,'广丰县',134);
insert into DISTRICT_INFO values (1214,'玉山县',134);
insert into DISTRICT_INFO values (1215,'铅山县',134);
insert into DISTRICT_INFO values (1216,'横峰县',134);
insert into DISTRICT_INFO values (1217,'弋阳县',134);
insert into DISTRICT_INFO values (1218,'余干县',134);
insert into DISTRICT_INFO values (1219,'鄱阳县',134);
insert into DISTRICT_INFO values (1220,'万年县',134);
insert into DISTRICT_INFO values (1221,'婺源县',134);
insert into DISTRICT_INFO values (1222,'德兴市',134);
insert into DISTRICT_INFO values (1223,'历下区',135);
insert into DISTRICT_INFO values (1224,'市中区',135);
insert into DISTRICT_INFO values (1225,'槐荫区',135);
insert into DISTRICT_INFO values (1226,'天桥区',135);
insert into DISTRICT_INFO values (1227,'历城区',135);
insert into DISTRICT_INFO values (1228,'长清区',135);
insert into DISTRICT_INFO values (1229,'平阴县',135);
insert into DISTRICT_INFO values (1230,'济阳县',135);
insert into DISTRICT_INFO values (1231,'商河县',135);
insert into DISTRICT_INFO values (1232,'章丘市',135);
insert into DISTRICT_INFO values (1233,'市南区',136);
insert into DISTRICT_INFO values (1234,'市北区',136);
insert into DISTRICT_INFO values (1235,'四方区',136);
insert into DISTRICT_INFO values (1236,'黄岛区',136);
insert into DISTRICT_INFO values (1237,'崂山区',136);
insert into DISTRICT_INFO values (1238,'李沧区',136);
insert into DISTRICT_INFO values (1239,'城阳区',136);
insert into DISTRICT_INFO values (1240,'胶州市',136);
insert into DISTRICT_INFO values (1241,'即墨市',136);
insert into DISTRICT_INFO values (1242,'平度市',136);
insert into DISTRICT_INFO values (1243,'胶南市',136);
insert into DISTRICT_INFO values (1244,'莱西市',136);
insert into DISTRICT_INFO values (1245,'淄川区',137);
insert into DISTRICT_INFO values (1246,'张店区',137);
insert into DISTRICT_INFO values (1247,'博山区',137);
insert into DISTRICT_INFO values (1248,'临淄区',137);
insert into DISTRICT_INFO values (1249,'周村区',137);
insert into DISTRICT_INFO values (1250,'桓台县',137);
insert into DISTRICT_INFO values (1251,'高青县',137);
insert into DISTRICT_INFO values (1252,'沂源县',137);
insert into DISTRICT_INFO values (1253,'市中区',138);
insert into DISTRICT_INFO values (1254,'薛城区',138);
insert into DISTRICT_INFO values (1255,'峄城区',138);
insert into DISTRICT_INFO values (1256,'台儿庄区',138);
insert into DISTRICT_INFO values (1257,'山亭区',138);
insert into DISTRICT_INFO values (1258,'滕州市',138);
insert into DISTRICT_INFO values (1259,'东营区',139);
insert into DISTRICT_INFO values (1260,'河口区',139);
insert into DISTRICT_INFO values (1261,'垦利县',139);
insert into DISTRICT_INFO values (1262,'利津县',139);
insert into DISTRICT_INFO values (1263,'广饶县',139);
insert into DISTRICT_INFO values (1264,'芝罘区',140);
insert into DISTRICT_INFO values (1265,'福山区',140);
insert into DISTRICT_INFO values (1266,'牟平区',140);
insert into DISTRICT_INFO values (1267,'莱山区',140);
insert into DISTRICT_INFO values (1268,'长岛县',140);
insert into DISTRICT_INFO values (1269,'龙口市',140);
insert into DISTRICT_INFO values (1270,'莱阳市',140);
insert into DISTRICT_INFO values (1271,'莱州市',140);
insert into DISTRICT_INFO values (1272,'蓬莱市',140);
insert into DISTRICT_INFO values (1273,'招远市',140);
insert into DISTRICT_INFO values (1274,'栖霞市',140);
insert into DISTRICT_INFO values (1275,'海阳市',140);
insert into DISTRICT_INFO values (1276,'潍城区',141);
insert into DISTRICT_INFO values (1277,'寒亭区',141);
insert into DISTRICT_INFO values (1278,'坊子区',141);
insert into DISTRICT_INFO values (1279,'奎文区',141);
insert into DISTRICT_INFO values (1280,'临朐县',141);
insert into DISTRICT_INFO values (1281,'昌乐县',141);
insert into DISTRICT_INFO values (1282,'青州市',141);
insert into DISTRICT_INFO values (1283,'诸城市',141);
insert into DISTRICT_INFO values (1284,'寿光市',141);
insert into DISTRICT_INFO values (1285,'安丘市',141);
insert into DISTRICT_INFO values (1286,'高密市',141);
insert into DISTRICT_INFO values (1287,'昌邑市',141);
insert into DISTRICT_INFO values (1288,'市中区',142);
insert into DISTRICT_INFO values (1289,'任城区',142);
insert into DISTRICT_INFO values (1290,'微山县',142);
insert into DISTRICT_INFO values (1291,'鱼台县',142);
insert into DISTRICT_INFO values (1292,'金乡县',142);
insert into DISTRICT_INFO values (1293,'嘉祥县',142);
insert into DISTRICT_INFO values (1294,'汶上县',142);
insert into DISTRICT_INFO values (1295,'泗水县',142);
insert into DISTRICT_INFO values (1296,'梁山县',142);
insert into DISTRICT_INFO values (1297,'曲阜市',142);
insert into DISTRICT_INFO values (1298,'兖州市',142);
insert into DISTRICT_INFO values (1299,'邹城市',142);
insert into DISTRICT_INFO values (1300,'泰山区',143);
insert into DISTRICT_INFO values (1301,'岱岳区',143);
insert into DISTRICT_INFO values (1302,'宁阳县',143);
insert into DISTRICT_INFO values (1303,'东平县',143);
insert into DISTRICT_INFO values (1304,'新泰市',143);
insert into DISTRICT_INFO values (1305,'肥城市',143);
insert into DISTRICT_INFO values (1306,'环翠区',144);
insert into DISTRICT_INFO values (1307,'文登市',144);
insert into DISTRICT_INFO values (1308,'荣成市',144);
insert into DISTRICT_INFO values (1309,'乳山市',144);
insert into DISTRICT_INFO values (1310,'东港区',145);
insert into DISTRICT_INFO values (1311,'岚山区',145);
insert into DISTRICT_INFO values (1312,'五莲县',145);
insert into DISTRICT_INFO values (1313,'莒县',145);
insert into DISTRICT_INFO values (1314,'莱城区',146);
insert into DISTRICT_INFO values (1315,'钢城区',146);
insert into DISTRICT_INFO values (1316,'兰山区',147);
insert into DISTRICT_INFO values (1317,'罗庄区',147);
insert into DISTRICT_INFO values (1318,'河东区',147);
insert into DISTRICT_INFO values (1319,'沂南县',147);
insert into DISTRICT_INFO values (1320,'郯城县',147);
insert into DISTRICT_INFO values (1321,'沂水县',147);
insert into DISTRICT_INFO values (1322,'苍山县',147);
insert into DISTRICT_INFO values (1323,'费县',147);
insert into DISTRICT_INFO values (1324,'平邑县',147);
insert into DISTRICT_INFO values (1325,'莒南县',147);
insert into DISTRICT_INFO values (1326,'蒙阴县',147);
insert into DISTRICT_INFO values (1327,'临沭县',147);
insert into DISTRICT_INFO values (1328,'德城区',148);
insert into DISTRICT_INFO values (1329,'陵县',148);
insert into DISTRICT_INFO values (1330,'宁津县',148);
insert into DISTRICT_INFO values (1331,'庆云县',148);
insert into DISTRICT_INFO values (1332,'临邑县',148);
insert into DISTRICT_INFO values (1333,'齐河县',148);
insert into DISTRICT_INFO values (1334,'平原县',148);
insert into DISTRICT_INFO values (1335,'夏津县',148);
insert into DISTRICT_INFO values (1336,'武城县',148);
insert into DISTRICT_INFO values (1337,'乐陵市',148);
insert into DISTRICT_INFO values (1338,'禹城市',148);
insert into DISTRICT_INFO values (1339,'东昌府区',149);
insert into DISTRICT_INFO values (1340,'阳谷县',149);
insert into DISTRICT_INFO values (1341,'莘县',149);
insert into DISTRICT_INFO values (1342,'茌平县',149);
insert into DISTRICT_INFO values (1343,'东阿县',149);
insert into DISTRICT_INFO values (1344,'冠县',149);
insert into DISTRICT_INFO values (1345,'高唐县',149);
insert into DISTRICT_INFO values (1346,'临清市',149);
insert into DISTRICT_INFO values (1347,'滨城区',150);
insert into DISTRICT_INFO values (1348,'惠民县',150);
insert into DISTRICT_INFO values (1349,'阳信县',150);
insert into DISTRICT_INFO values (1350,'无棣县',150);
insert into DISTRICT_INFO values (1351,'沾化县',150);
insert into DISTRICT_INFO values (1352,'博兴县',150);
insert into DISTRICT_INFO values (1353,'邹平县',150);
insert into DISTRICT_INFO values (1354,'牡丹区',151);
insert into DISTRICT_INFO values (1355,'曹县',151);
insert into DISTRICT_INFO values (1356,'单县',151);
insert into DISTRICT_INFO values (1357,'成武县',151);
insert into DISTRICT_INFO values (1358,'巨野县',151);
insert into DISTRICT_INFO values (1359,'郓城县',151);
insert into DISTRICT_INFO values (1360,'鄄城县',151);
insert into DISTRICT_INFO values (1361,'定陶县',151);
insert into DISTRICT_INFO values (1362,'东明县',151);
insert into DISTRICT_INFO values (1363,'中原区',152);
insert into DISTRICT_INFO values (1364,'二七区',152);
insert into DISTRICT_INFO values (1365,'管城回族区',152);
insert into DISTRICT_INFO values (1366,'金水区',152);
insert into DISTRICT_INFO values (1367,'上街区',152);
insert into DISTRICT_INFO values (1368,'惠济区',152);
insert into DISTRICT_INFO values (1369,'中牟县',152);
insert into DISTRICT_INFO values (1370,'巩义市',152);
insert into DISTRICT_INFO values (1371,'荥阳市',152);
insert into DISTRICT_INFO values (1372,'新密市',152);
insert into DISTRICT_INFO values (1373,'新郑市',152);
insert into DISTRICT_INFO values (1374,'登封市',152);
insert into DISTRICT_INFO values (1375,'龙亭区',153);
insert into DISTRICT_INFO values (1376,'顺河回族区',153);
insert into DISTRICT_INFO values (1377,'鼓楼区',153);
insert into DISTRICT_INFO values (1378,'南关区',153);
insert into DISTRICT_INFO values (1379,'郊区',153);
insert into DISTRICT_INFO values (1380,'杞县',153);
insert into DISTRICT_INFO values (1381,'通许县',153);
insert into DISTRICT_INFO values (1382,'尉氏县',153);
insert into DISTRICT_INFO values (1383,'开封县',153);
insert into DISTRICT_INFO values (1384,'兰考县',153);
insert into DISTRICT_INFO values (1385,'老城区',154);
insert into DISTRICT_INFO values (1386,'西工区',154);
insert into DISTRICT_INFO values (1387,'廛河回族区',154);
insert into DISTRICT_INFO values (1388,'涧西区',154);
insert into DISTRICT_INFO values (1389,'吉利区',154);
insert into DISTRICT_INFO values (1390,'洛龙区',154);
insert into DISTRICT_INFO values (1391,'孟津县',154);
insert into DISTRICT_INFO values (1392,'新安县',154);
insert into DISTRICT_INFO values (1393,'栾川县',154);
insert into DISTRICT_INFO values (1394,'嵩县',154);
insert into DISTRICT_INFO values (1395,'汝阳县',154);
insert into DISTRICT_INFO values (1396,'宜阳县',154);
insert into DISTRICT_INFO values (1397,'洛宁县',154);
insert into DISTRICT_INFO values (1398,'伊川县',154);
insert into DISTRICT_INFO values (1399,'偃师市',154);
insert into DISTRICT_INFO values (1400,'新华区',155);
insert into DISTRICT_INFO values (1401,'卫东区',155);
insert into DISTRICT_INFO values (1402,'石龙区',155);
insert into DISTRICT_INFO values (1403,'湛河区',155);
insert into DISTRICT_INFO values (1404,'宝丰县',155);
insert into DISTRICT_INFO values (1405,'叶县',155);
insert into DISTRICT_INFO values (1406,'鲁山县',155);
insert into DISTRICT_INFO values (1407,'郏县',155);
insert into DISTRICT_INFO values (1408,'舞钢市',155);
insert into DISTRICT_INFO values (1409,'汝州市',155);
insert into DISTRICT_INFO values (1410,'文峰区',156);
insert into DISTRICT_INFO values (1411,'北关区',156);
insert into DISTRICT_INFO values (1412,'殷都区',156);
insert into DISTRICT_INFO values (1413,'龙安区',156);
insert into DISTRICT_INFO values (1414,'安阳县',156);
insert into DISTRICT_INFO values (1415,'汤阴县',156);
insert into DISTRICT_INFO values (1416,'滑县',156);
insert into DISTRICT_INFO values (1417,'内黄县',156);
insert into DISTRICT_INFO values (1418,'林州市',156);
insert into DISTRICT_INFO values (1419,'鹤山区',157);
insert into DISTRICT_INFO values (1420,'山城区',157);
insert into DISTRICT_INFO values (1421,'淇滨区',157);
insert into DISTRICT_INFO values (1422,'浚县',157);
insert into DISTRICT_INFO values (1423,'淇县',157);
insert into DISTRICT_INFO values (1424,'红旗区',158);
insert into DISTRICT_INFO values (1425,'卫滨区',158);
insert into DISTRICT_INFO values (1426,'凤泉区',158);
insert into DISTRICT_INFO values (1427,'牧野区',158);
insert into DISTRICT_INFO values (1428,'新乡县',158);
insert into DISTRICT_INFO values (1429,'获嘉县',158);
insert into DISTRICT_INFO values (1430,'原阳县',158);
insert into DISTRICT_INFO values (1431,'延津县',158);
insert into DISTRICT_INFO values (1432,'封丘县',158);
insert into DISTRICT_INFO values (1433,'长垣县',158);
insert into DISTRICT_INFO values (1434,'卫辉市',158);
insert into DISTRICT_INFO values (1435,'辉县市',158);
insert into DISTRICT_INFO values (1436,'解放区',159);
insert into DISTRICT_INFO values (1437,'中站区',159);
insert into DISTRICT_INFO values (1438,'马村区',159);
insert into DISTRICT_INFO values (1439,'山阳区',159);
insert into DISTRICT_INFO values (1440,'修武县',159);
insert into DISTRICT_INFO values (1441,'博爱县',159);
insert into DISTRICT_INFO values (1442,'武陟县',159);
insert into DISTRICT_INFO values (1443,'温县',159);
insert into DISTRICT_INFO values (1444,'济源市',159);
insert into DISTRICT_INFO values (1445,'沁阳市',159);
insert into DISTRICT_INFO values (1446,'孟州市',159);
insert into DISTRICT_INFO values (1447,'华龙区',160);
insert into DISTRICT_INFO values (1448,'清丰县',160);
insert into DISTRICT_INFO values (1449,'南乐县',160);
insert into DISTRICT_INFO values (1450,'范县',160);
insert into DISTRICT_INFO values (1451,'台前县',160);
insert into DISTRICT_INFO values (1452,'濮阳县',160);
insert into DISTRICT_INFO values (1453,'魏都区',161);
insert into DISTRICT_INFO values (1454,'许昌县',161);
insert into DISTRICT_INFO values (1455,'鄢陵县',161);
insert into DISTRICT_INFO values (1456,'襄城县',161);
insert into DISTRICT_INFO values (1457,'禹州市',161);
insert into DISTRICT_INFO values (1458,'长葛市',161);
insert into DISTRICT_INFO values (1459,'源汇区',162);
insert into DISTRICT_INFO values (1460,'郾城区',162);
insert into DISTRICT_INFO values (1461,'召陵区',162);
insert into DISTRICT_INFO values (1462,'舞阳县',162);
insert into DISTRICT_INFO values (1463,'临颍县',162);
insert into DISTRICT_INFO values (1464,'市辖区',163);
insert into DISTRICT_INFO values (1465,'湖滨区',163);
insert into DISTRICT_INFO values (1466,'渑池县',163);
insert into DISTRICT_INFO values (1467,'陕县',163);
insert into DISTRICT_INFO values (1468,'卢氏县',163);
insert into DISTRICT_INFO values (1469,'义马市',163);
insert into DISTRICT_INFO values (1470,'灵宝市',163);
insert into DISTRICT_INFO values (1471,'宛城区',164);
insert into DISTRICT_INFO values (1472,'卧龙区',164);
insert into DISTRICT_INFO values (1473,'南召县',164);
insert into DISTRICT_INFO values (1474,'方城县',164);
insert into DISTRICT_INFO values (1475,'西峡县',164);
insert into DISTRICT_INFO values (1476,'镇平县',164);
insert into DISTRICT_INFO values (1477,'内乡县',164);
insert into DISTRICT_INFO values (1478,'淅川县',164);
insert into DISTRICT_INFO values (1479,'社旗县',164);
insert into DISTRICT_INFO values (1480,'唐河县',164);
insert into DISTRICT_INFO values (1481,'新野县',164);
insert into DISTRICT_INFO values (1482,'桐柏县',164);
insert into DISTRICT_INFO values (1483,'邓州市',164);
insert into DISTRICT_INFO values (1484,'梁园区',165);
insert into DISTRICT_INFO values (1485,'睢阳区',165);
insert into DISTRICT_INFO values (1486,'民权县',165);
insert into DISTRICT_INFO values (1487,'睢县',165);
insert into DISTRICT_INFO values (1488,'宁陵县',165);
insert into DISTRICT_INFO values (1489,'柘城县',165);
insert into DISTRICT_INFO values (1490,'虞城县',165);
insert into DISTRICT_INFO values (1491,'夏邑县',165);
insert into DISTRICT_INFO values (1492,'永城市',165);
insert into DISTRICT_INFO values (1493,'浉河区',166);
insert into DISTRICT_INFO values (1494,'平桥区',166);
insert into DISTRICT_INFO values (1495,'罗山县',166);
insert into DISTRICT_INFO values (1496,'光山县',166);
insert into DISTRICT_INFO values (1497,'新县',166);
insert into DISTRICT_INFO values (1498,'商城县',166);
insert into DISTRICT_INFO values (1499,'固始县',166);
insert into DISTRICT_INFO values (1500,'潢川县',166);
insert into DISTRICT_INFO values (1501,'淮滨县',166);
insert into DISTRICT_INFO values (1502,'息县',166);
insert into DISTRICT_INFO values (1503,'川汇区',167);
insert into DISTRICT_INFO values (1504,'扶沟县',167);
insert into DISTRICT_INFO values (1505,'西华县',167);
insert into DISTRICT_INFO values (1506,'商水县',167);
insert into DISTRICT_INFO values (1507,'沈丘县',167);
insert into DISTRICT_INFO values (1508,'郸城县',167);
insert into DISTRICT_INFO values (1509,'淮阳县',167);
insert into DISTRICT_INFO values (1510,'太康县',167);
insert into DISTRICT_INFO values (1511,'鹿邑县',167);
insert into DISTRICT_INFO values (1512,'项城市',167);
insert into DISTRICT_INFO values (1513,'驿城区',168);
insert into DISTRICT_INFO values (1514,'西平县',168);
insert into DISTRICT_INFO values (1515,'上蔡县',168);
insert into DISTRICT_INFO values (1516,'平舆县',168);
insert into DISTRICT_INFO values (1517,'正阳县',168);
insert into DISTRICT_INFO values (1518,'确山县',168);
insert into DISTRICT_INFO values (1519,'泌阳县',168);
insert into DISTRICT_INFO values (1520,'汝南县',168);
insert into DISTRICT_INFO values (1521,'遂平县',168);
insert into DISTRICT_INFO values (1522,'新蔡县',168);
insert into DISTRICT_INFO values (1523,'江岸区',169);
insert into DISTRICT_INFO values (1524,'江汉区',169);
insert into DISTRICT_INFO values (1525,'硚口区',169);
insert into DISTRICT_INFO values (1526,'汉阳区',169);
insert into DISTRICT_INFO values (1527,'武昌区',169);
insert into DISTRICT_INFO values (1528,'青山区',169);
insert into DISTRICT_INFO values (1529,'洪山区',169);
insert into DISTRICT_INFO values (1530,'东西湖区',169);
insert into DISTRICT_INFO values (1531,'汉南区',169);
insert into DISTRICT_INFO values (1532,'蔡甸区',169);
insert into DISTRICT_INFO values (1533,'江夏区',169);
insert into DISTRICT_INFO values (1534,'黄陂区',169);
insert into DISTRICT_INFO values (1535,'新洲区',169);
insert into DISTRICT_INFO values (1536,'黄石港区',170);
insert into DISTRICT_INFO values (1537,'西塞山区',170);
insert into DISTRICT_INFO values (1538,'下陆区',170);
insert into DISTRICT_INFO values (1539,'铁山区',170);
insert into DISTRICT_INFO values (1540,'阳新县',170);
insert into DISTRICT_INFO values (1541,'大冶市',170);
insert into DISTRICT_INFO values (1542,'茅箭区',171);
insert into DISTRICT_INFO values (1543,'张湾区',171);
insert into DISTRICT_INFO values (1544,'郧县',171);
insert into DISTRICT_INFO values (1545,'郧西县',171);
insert into DISTRICT_INFO values (1546,'竹山县',171);
insert into DISTRICT_INFO values (1547,'竹溪县',171);
insert into DISTRICT_INFO values (1548,'房县',171);
insert into DISTRICT_INFO values (1549,'丹江口市',171);
insert into DISTRICT_INFO values (1550,'西陵区',172);
insert into DISTRICT_INFO values (1551,'伍家岗区',172);
insert into DISTRICT_INFO values (1552,'点军区',172);
insert into DISTRICT_INFO values (1553,'猇亭区',172);
insert into DISTRICT_INFO values (1554,'夷陵区',172);
insert into DISTRICT_INFO values (1555,'远安县',172);
insert into DISTRICT_INFO values (1556,'兴山县',172);
insert into DISTRICT_INFO values (1557,'秭归县',172);
insert into DISTRICT_INFO values (1558,'长阳土家族自治县',172);
insert into DISTRICT_INFO values (1559,'五峰土家族自治县',172);
insert into DISTRICT_INFO values (1560,'宜都市',172);
insert into DISTRICT_INFO values (1561,'当阳市',172);
insert into DISTRICT_INFO values (1562,'枝江市',172);
insert into DISTRICT_INFO values (1563,'襄城区',173);
insert into DISTRICT_INFO values (1564,'樊城区',173);
insert into DISTRICT_INFO values (1565,'襄阳区',173);
insert into DISTRICT_INFO values (1566,'南漳县',173);
insert into DISTRICT_INFO values (1567,'谷城县',173);
insert into DISTRICT_INFO values (1568,'保康县',173);
insert into DISTRICT_INFO values (1569,'老河口市',173);
insert into DISTRICT_INFO values (1570,'枣阳市',173);
insert into DISTRICT_INFO values (1571,'宜城市',173);
insert into DISTRICT_INFO values (1572,'梁子湖区',174);
insert into DISTRICT_INFO values (1573,'华容区',174);
insert into DISTRICT_INFO values (1574,'鄂城区',174);
insert into DISTRICT_INFO values (1575,'东宝区',175);
insert into DISTRICT_INFO values (1576,'掇刀区',175);
insert into DISTRICT_INFO values (1577,'京山县',175);
insert into DISTRICT_INFO values (1578,'沙洋县',175);
insert into DISTRICT_INFO values (1579,'钟祥市',175);
insert into DISTRICT_INFO values (1580,'孝南区',176);
insert into DISTRICT_INFO values (1581,'孝昌县',176);
insert into DISTRICT_INFO values (1582,'大悟县',176);
insert into DISTRICT_INFO values (1583,'云梦县',176);
insert into DISTRICT_INFO values (1584,'应城市',176);
insert into DISTRICT_INFO values (1585,'安陆市',176);
insert into DISTRICT_INFO values (1586,'汉川市',176);
insert into DISTRICT_INFO values (1587,'沙市区',177);
insert into DISTRICT_INFO values (1588,'荆州区',177);
insert into DISTRICT_INFO values (1589,'公安县',177);
insert into DISTRICT_INFO values (1590,'监利县',177);
insert into DISTRICT_INFO values (1591,'江陵县',177);
insert into DISTRICT_INFO values (1592,'石首市',177);
insert into DISTRICT_INFO values (1593,'洪湖市',177);
insert into DISTRICT_INFO values (1594,'松滋市',177);
insert into DISTRICT_INFO values (1595,'黄州区',178);
insert into DISTRICT_INFO values (1596,'团风县',178);
insert into DISTRICT_INFO values (1597,'红安县',178);
insert into DISTRICT_INFO values (1598,'罗田县',178);
insert into DISTRICT_INFO values (1599,'英山县',178);
insert into DISTRICT_INFO values (1600,'浠水县',178);
insert into DISTRICT_INFO values (1601,'蕲春县',178);
insert into DISTRICT_INFO values (1602,'黄梅县',178);
insert into DISTRICT_INFO values (1603,'麻城市',178);
insert into DISTRICT_INFO values (1604,'武穴市',178);
insert into DISTRICT_INFO values (1605,'咸安区',179);
insert into DISTRICT_INFO values (1606,'嘉鱼县',179);
insert into DISTRICT_INFO values (1607,'通城县',179);
insert into DISTRICT_INFO values (1608,'崇阳县',179);
insert into DISTRICT_INFO values (1609,'通山县',179);
insert into DISTRICT_INFO values (1610,'赤壁市',179);
insert into DISTRICT_INFO values (1611,'曾都区',180);
insert into DISTRICT_INFO values (1612,'广水市',180);
insert into DISTRICT_INFO values (1613,'恩施市',181);
insert into DISTRICT_INFO values (1614,'利川市',181);
insert into DISTRICT_INFO values (1615,'建始县',181);
insert into DISTRICT_INFO values (1616,'巴东县',181);
insert into DISTRICT_INFO values (1617,'宣恩县',181);
insert into DISTRICT_INFO values (1618,'咸丰县',181);
insert into DISTRICT_INFO values (1619,'来凤县',181);
insert into DISTRICT_INFO values (1620,'鹤峰县',181);
insert into DISTRICT_INFO values (1621,'仙桃市',182);
insert into DISTRICT_INFO values (1622,'潜江市',182);
insert into DISTRICT_INFO values (1623,'天门市',182);
insert into DISTRICT_INFO values (1624,'神农架林区',182);
insert into DISTRICT_INFO values (1625,'芙蓉区',183);
insert into DISTRICT_INFO values (1626,'天心区',183);
insert into DISTRICT_INFO values (1627,'岳麓区',183);
insert into DISTRICT_INFO values (1628,'开福区',183);
insert into DISTRICT_INFO values (1629,'雨花区',183);
insert into DISTRICT_INFO values (1630,'长沙县',183);
insert into DISTRICT_INFO values (1631,'望城县',183);
insert into DISTRICT_INFO values (1632,'宁乡县',183);
insert into DISTRICT_INFO values (1633,'浏阳市',183);
insert into DISTRICT_INFO values (1634,'荷塘区',184);
insert into DISTRICT_INFO values (1635,'芦淞区',184);
insert into DISTRICT_INFO values (1636,'石峰区',184);
insert into DISTRICT_INFO values (1637,'天元区',184);
insert into DISTRICT_INFO values (1638,'株洲县',184);
insert into DISTRICT_INFO values (1639,'攸县',184);
insert into DISTRICT_INFO values (1640,'茶陵县',184);
insert into DISTRICT_INFO values (1641,'炎陵县',184);
insert into DISTRICT_INFO values (1642,'醴陵市',184);
insert into DISTRICT_INFO values (1643,'雨湖区',185);
insert into DISTRICT_INFO values (1644,'岳塘区',185);
insert into DISTRICT_INFO values (1645,'湘潭县',185);
insert into DISTRICT_INFO values (1646,'湘乡市',185);
insert into DISTRICT_INFO values (1647,'韶山市',185);
insert into DISTRICT_INFO values (1648,'珠晖区',186);
insert into DISTRICT_INFO values (1649,'雁峰区',186);
insert into DISTRICT_INFO values (1650,'石鼓区',186);
insert into DISTRICT_INFO values (1651,'蒸湘区',186);
insert into DISTRICT_INFO values (1652,'南岳区',186);
insert into DISTRICT_INFO values (1653,'衡阳县',186);
insert into DISTRICT_INFO values (1654,'衡南县',186);
insert into DISTRICT_INFO values (1655,'衡山县',186);
insert into DISTRICT_INFO values (1656,'衡东县',186);
insert into DISTRICT_INFO values (1657,'祁东县',186);
insert into DISTRICT_INFO values (1658,'耒阳市',186);
insert into DISTRICT_INFO values (1659,'常宁市',186);
insert into DISTRICT_INFO values (1660,'双清区',187);
insert into DISTRICT_INFO values (1661,'大祥区',187);
insert into DISTRICT_INFO values (1662,'北塔区',187);
insert into DISTRICT_INFO values (1663,'邵东县',187);
insert into DISTRICT_INFO values (1664,'新邵县',187);
insert into DISTRICT_INFO values (1665,'邵阳县',187);
insert into DISTRICT_INFO values (1666,'隆回县',187);
insert into DISTRICT_INFO values (1667,'洞口县',187);
insert into DISTRICT_INFO values (1668,'绥宁县',187);
insert into DISTRICT_INFO values (1669,'新宁县',187);
insert into DISTRICT_INFO values (1670,'城步苗族自治县',187);
insert into DISTRICT_INFO values (1671,'武冈市',187);
insert into DISTRICT_INFO values (1672,'岳阳楼区',188);
insert into DISTRICT_INFO values (1673,'云溪区',188);
insert into DISTRICT_INFO values (1674,'君山区',188);
insert into DISTRICT_INFO values (1675,'岳阳县',188);
insert into DISTRICT_INFO values (1676,'华容县',188);
insert into DISTRICT_INFO values (1677,'湘阴县',188);
insert into DISTRICT_INFO values (1678,'平江县',188);
insert into DISTRICT_INFO values (1679,'汨罗市',188);
insert into DISTRICT_INFO values (1680,'临湘市',188);
insert into DISTRICT_INFO values (1681,'武陵区',189);
insert into DISTRICT_INFO values (1682,'鼎城区',189);
insert into DISTRICT_INFO values (1683,'安乡县',189);
insert into DISTRICT_INFO values (1684,'汉寿县',189);
insert into DISTRICT_INFO values (1685,'澧县',189);
insert into DISTRICT_INFO values (1686,'临澧县',189);
insert into DISTRICT_INFO values (1687,'桃源县',189);
insert into DISTRICT_INFO values (1688,'石门县',189);
insert into DISTRICT_INFO values (1689,'津市市',189);
insert into DISTRICT_INFO values (1690,'永定区',190);
insert into DISTRICT_INFO values (1691,'武陵源区',190);
insert into DISTRICT_INFO values (1692,'慈利县',190);
insert into DISTRICT_INFO values (1693,'桑植县',190);
insert into DISTRICT_INFO values (1694,'资阳区',191);
insert into DISTRICT_INFO values (1695,'赫山区',191);
insert into DISTRICT_INFO values (1696,'南县',191);
insert into DISTRICT_INFO values (1697,'桃江县',191);
insert into DISTRICT_INFO values (1698,'安化县',191);
insert into DISTRICT_INFO values (1699,'沅江市',191);
insert into DISTRICT_INFO values (1700,'北湖区',192);
insert into DISTRICT_INFO values (1701,'苏仙区',192);
insert into DISTRICT_INFO values (1702,'桂阳县',192);
insert into DISTRICT_INFO values (1703,'宜章县',192);
insert into DISTRICT_INFO values (1704,'永兴县',192);
insert into DISTRICT_INFO values (1705,'嘉禾县',192);
insert into DISTRICT_INFO values (1706,'临武县',192);
insert into DISTRICT_INFO values (1707,'汝城县',192);
insert into DISTRICT_INFO values (1708,'桂东县',192);
insert into DISTRICT_INFO values (1709,'安仁县',192);
insert into DISTRICT_INFO values (1710,'资兴市',192);
insert into DISTRICT_INFO values (1711,'芝山区',193);
insert into DISTRICT_INFO values (1712,'冷水滩区',193);
insert into DISTRICT_INFO values (1713,'祁阳县',193);
insert into DISTRICT_INFO values (1714,'东安县',193);
insert into DISTRICT_INFO values (1715,'双牌县',193);
insert into DISTRICT_INFO values (1716,'道县',193);
insert into DISTRICT_INFO values (1717,'江永县',193);
insert into DISTRICT_INFO values (1718,'宁远县',193);
insert into DISTRICT_INFO values (1719,'蓝山县',193);
insert into DISTRICT_INFO values (1720,'新田县',193);
insert into DISTRICT_INFO values (1721,'江华瑶族自治县',193);
insert into DISTRICT_INFO values (1722,'鹤城区',194);
insert into DISTRICT_INFO values (1723,'中方县',194);
insert into DISTRICT_INFO values (1724,'沅陵县',194);
insert into DISTRICT_INFO values (1725,'辰溪县',194);
insert into DISTRICT_INFO values (1726,'溆浦县',194);
insert into DISTRICT_INFO values (1727,'会同县',194);
insert into DISTRICT_INFO values (1728,'麻阳苗族自治县',194);
insert into DISTRICT_INFO values (1729,'新晃侗族自治县',194);
insert into DISTRICT_INFO values (1730,'芷江侗族自治县',194);
insert into DISTRICT_INFO values (1731,'靖州苗族侗族自治县',194);
insert into DISTRICT_INFO values (1732,'通道侗族自治县',194);
insert into DISTRICT_INFO values (1733,'洪江市',194);
insert into DISTRICT_INFO values (1734,'娄星区',195);
insert into DISTRICT_INFO values (1735,'双峰县',195);
insert into DISTRICT_INFO values (1736,'新化县',195);
insert into DISTRICT_INFO values (1737,'冷水江市',195);
insert into DISTRICT_INFO values (1738,'涟源市',195);
insert into DISTRICT_INFO values (1739,'吉首市',196);
insert into DISTRICT_INFO values (1740,'泸溪县',196);
insert into DISTRICT_INFO values (1741,'凤凰县',196);
insert into DISTRICT_INFO values (1742,'花垣县',196);
insert into DISTRICT_INFO values (1743,'保靖县',196);
insert into DISTRICT_INFO values (1744,'古丈县',196);
insert into DISTRICT_INFO values (1745,'永顺县',196);
insert into DISTRICT_INFO values (1746,'龙山县',196);
insert into DISTRICT_INFO values (1747,'东山区',197);
insert into DISTRICT_INFO values (1748,'荔湾区',197);
insert into DISTRICT_INFO values (1749,'越秀区',197);
insert into DISTRICT_INFO values (1750,'海珠区',197);
insert into DISTRICT_INFO values (1751,'天河区',197);
insert into DISTRICT_INFO values (1752,'芳村区',197);
insert into DISTRICT_INFO values (1753,'白云区',197);
insert into DISTRICT_INFO values (1754,'黄埔区',197);
insert into DISTRICT_INFO values (1755,'番禺区',197);
insert into DISTRICT_INFO values (1756,'花都区',197);
insert into DISTRICT_INFO values (1757,'增城市',197);
insert into DISTRICT_INFO values (1758,'从化市',197);
insert into DISTRICT_INFO values (1759,'武江区',198);
insert into DISTRICT_INFO values (1760,'浈江区',198);
insert into DISTRICT_INFO values (1761,'曲江区',198);
insert into DISTRICT_INFO values (1762,'始兴县',198);
insert into DISTRICT_INFO values (1763,'仁化县',198);
insert into DISTRICT_INFO values (1764,'翁源县',198);
insert into DISTRICT_INFO values (1765,'乳源瑶族自治县',198);
insert into DISTRICT_INFO values (1766,'新丰县',198);
insert into DISTRICT_INFO values (1767,'乐昌市',198);
insert into DISTRICT_INFO values (1768,'南雄市',198);
insert into DISTRICT_INFO values (1769,'罗湖区',199);
insert into DISTRICT_INFO values (1770,'福田区',199);
insert into DISTRICT_INFO values (1771,'南山区',199);
insert into DISTRICT_INFO values (1772,'宝安区',199);
insert into DISTRICT_INFO values (1773,'龙岗区',199);
insert into DISTRICT_INFO values (1774,'盐田区',199);
insert into DISTRICT_INFO values (1775,'香洲区',200);
insert into DISTRICT_INFO values (1776,'斗门区',200);
insert into DISTRICT_INFO values (1777,'金湾区',200);
insert into DISTRICT_INFO values (1778,'龙湖区',201);
insert into DISTRICT_INFO values (1779,'金平区',201);
insert into DISTRICT_INFO values (1780,'濠江区',201);
insert into DISTRICT_INFO values (1781,'潮阳区',201);
insert into DISTRICT_INFO values (1782,'潮南区',201);
insert into DISTRICT_INFO values (1783,'澄海区',201);
insert into DISTRICT_INFO values (1784,'南澳县',201);
insert into DISTRICT_INFO values (1785,'禅城区',202);
insert into DISTRICT_INFO values (1786,'南海区',202);
insert into DISTRICT_INFO values (1787,'顺德区',202);
insert into DISTRICT_INFO values (1788,'三水区',202);
insert into DISTRICT_INFO values (1789,'高明区',202);
insert into DISTRICT_INFO values (1790,'蓬江区',203);
insert into DISTRICT_INFO values (1791,'江海区',203);
insert into DISTRICT_INFO values (1792,'新会区',203);
insert into DISTRICT_INFO values (1793,'台山市',203);
insert into DISTRICT_INFO values (1794,'开平市',203);
insert into DISTRICT_INFO values (1795,'鹤山市',203);
insert into DISTRICT_INFO values (1796,'恩平市',203);
insert into DISTRICT_INFO values (1797,'赤坎区',204);
insert into DISTRICT_INFO values (1798,'霞山区',204);
insert into DISTRICT_INFO values (1799,'坡头区',204);
insert into DISTRICT_INFO values (1800,'麻章区',204);
insert into DISTRICT_INFO values (1801,'遂溪县',204);
insert into DISTRICT_INFO values (1802,'徐闻县',204);
insert into DISTRICT_INFO values (1803,'廉江市',204);
insert into DISTRICT_INFO values (1804,'雷州市',204);
insert into DISTRICT_INFO values (1805,'吴川市',204);
insert into DISTRICT_INFO values (1806,'茂南区',205);
insert into DISTRICT_INFO values (1807,'茂港区',205);
insert into DISTRICT_INFO values (1808,'电白县',205);
insert into DISTRICT_INFO values (1809,'高州市',205);
insert into DISTRICT_INFO values (1810,'化州市',205);
insert into DISTRICT_INFO values (1811,'信宜市',205);
insert into DISTRICT_INFO values (1812,'端州区',206);
insert into DISTRICT_INFO values (1813,'鼎湖区',206);
insert into DISTRICT_INFO values (1814,'广宁县',206);
insert into DISTRICT_INFO values (1815,'怀集县',206);
insert into DISTRICT_INFO values (1816,'封开县',206);
insert into DISTRICT_INFO values (1817,'德庆县',206);
insert into DISTRICT_INFO values (1818,'高要市',206);
insert into DISTRICT_INFO values (1819,'四会市',206);
insert into DISTRICT_INFO values (1820,'惠城区',207);
insert into DISTRICT_INFO values (1821,'惠阳区',207);
insert into DISTRICT_INFO values (1822,'博罗县',207);
insert into DISTRICT_INFO values (1823,'惠东县',207);
insert into DISTRICT_INFO values (1824,'龙门县',207);
insert into DISTRICT_INFO values (1825,'梅江区',208);
insert into DISTRICT_INFO values (1826,'梅县',208);
insert into DISTRICT_INFO values (1827,'大埔县',208);
insert into DISTRICT_INFO values (1828,'丰顺县',208);
insert into DISTRICT_INFO values (1829,'五华县',208);
insert into DISTRICT_INFO values (1830,'平远县',208);
insert into DISTRICT_INFO values (1831,'蕉岭县',208);
insert into DISTRICT_INFO values (1832,'兴宁市',208);
insert into DISTRICT_INFO values (1833,'城区',209);
insert into DISTRICT_INFO values (1834,'海丰县',209);
insert into DISTRICT_INFO values (1835,'陆河县',209);
insert into DISTRICT_INFO values (1836,'陆丰市',209);
insert into DISTRICT_INFO values (1837,'源城区',210);
insert into DISTRICT_INFO values (1838,'紫金县',210);
insert into DISTRICT_INFO values (1839,'龙川县',210);
insert into DISTRICT_INFO values (1840,'连平县',210);
insert into DISTRICT_INFO values (1841,'和平县',210);
insert into DISTRICT_INFO values (1842,'东源县',210);
insert into DISTRICT_INFO values (1843,'江城区',211);
insert into DISTRICT_INFO values (1844,'阳西县',211);
insert into DISTRICT_INFO values (1845,'阳东县',211);
insert into DISTRICT_INFO values (1846,'阳春市',211);
insert into DISTRICT_INFO values (1847,'清城区',212);
insert into DISTRICT_INFO values (1848,'佛冈县',212);
insert into DISTRICT_INFO values (1849,'阳山县',212);
insert into DISTRICT_INFO values (1850,'连山壮族瑶族自治县',212);
insert into DISTRICT_INFO values (1851,'连南瑶族自治县',212);
insert into DISTRICT_INFO values (1852,'清新县',212);
insert into DISTRICT_INFO values (1853,'英德市',212);
insert into DISTRICT_INFO values (1854,'连州市',212);
insert into DISTRICT_INFO values (1855,'湘桥区',215);
insert into DISTRICT_INFO values (1856,'潮安县',215);
insert into DISTRICT_INFO values (1857,'饶平县',215);
insert into DISTRICT_INFO values (1858,'榕城区',216);
insert into DISTRICT_INFO values (1859,'揭东县',216);
insert into DISTRICT_INFO values (1860,'揭西县',216);
insert into DISTRICT_INFO values (1861,'惠来县',216);
insert into DISTRICT_INFO values (1862,'普宁市',216);
insert into DISTRICT_INFO values (1863,'云城区',217);
insert into DISTRICT_INFO values (1864,'新兴县',217);
insert into DISTRICT_INFO values (1865,'郁南县',217);
insert into DISTRICT_INFO values (1866,'云安县',217);
insert into DISTRICT_INFO values (1867,'罗定市',217);
insert into DISTRICT_INFO values (1868,'兴宁区',218);
insert into DISTRICT_INFO values (1869,'青秀区',218);
insert into DISTRICT_INFO values (1870,'江南区',218);
insert into DISTRICT_INFO values (1871,'西乡塘区',218);
insert into DISTRICT_INFO values (1872,'良庆区',218);
insert into DISTRICT_INFO values (1873,'邕宁区',218);
insert into DISTRICT_INFO values (1874,'武鸣县',218);
insert into DISTRICT_INFO values (1875,'隆安县',218);
insert into DISTRICT_INFO values (1876,'马山县',218);
insert into DISTRICT_INFO values (1877,'上林县',218);
insert into DISTRICT_INFO values (1878,'宾阳县',218);
insert into DISTRICT_INFO values (1879,'横县',218);
insert into DISTRICT_INFO values (1880,'城中区',219);
insert into DISTRICT_INFO values (1881,'鱼峰区',219);
insert into DISTRICT_INFO values (1882,'柳南区',219);
insert into DISTRICT_INFO values (1883,'柳北区',219);
insert into DISTRICT_INFO values (1884,'柳江县',219);
insert into DISTRICT_INFO values (1885,'柳城县',219);
insert into DISTRICT_INFO values (1886,'鹿寨县',219);
insert into DISTRICT_INFO values (1887,'融安县',219);
insert into DISTRICT_INFO values (1888,'融水苗族自治县',219);
insert into DISTRICT_INFO values (1889,'三江侗族自治县',219);
insert into DISTRICT_INFO values (1890,'秀峰区',220);
insert into DISTRICT_INFO values (1891,'叠彩区',220);
insert into DISTRICT_INFO values (1892,'象山区',220);
insert into DISTRICT_INFO values (1893,'七星区',220);
insert into DISTRICT_INFO values (1894,'雁山区',220);
insert into DISTRICT_INFO values (1895,'阳朔县',220);
insert into DISTRICT_INFO values (1896,'临桂县',220);
insert into DISTRICT_INFO values (1897,'灵川县',220);
insert into DISTRICT_INFO values (1898,'全州县',220);
insert into DISTRICT_INFO values (1899,'兴安县',220);
insert into DISTRICT_INFO values (1900,'永福县',220);
insert into DISTRICT_INFO values (1901,'灌阳县',220);
insert into DISTRICT_INFO values (1902,'龙胜各族自治县',220);
insert into DISTRICT_INFO values (1903,'资源县',220);
insert into DISTRICT_INFO values (1904,'平乐县',220);
insert into DISTRICT_INFO values (1905,'荔蒲县',220);
insert into DISTRICT_INFO values (1906,'恭城瑶族自治县',220);
insert into DISTRICT_INFO values (1907,'万秀区',221);
insert into DISTRICT_INFO values (1908,'蝶山区',221);
insert into DISTRICT_INFO values (1909,'长洲区',221);
insert into DISTRICT_INFO values (1910,'苍梧县',221);
insert into DISTRICT_INFO values (1911,'藤县',221);
insert into DISTRICT_INFO values (1912,'蒙山县',221);
insert into DISTRICT_INFO values (1913,'岑溪市',221);
insert into DISTRICT_INFO values (1914,'海城区',222);
insert into DISTRICT_INFO values (1915,'银海区',222);
insert into DISTRICT_INFO values (1916,'铁山港区',222);
insert into DISTRICT_INFO values (1917,'合浦县',222);
insert into DISTRICT_INFO values (1918,'港口区',223);
insert into DISTRICT_INFO values (1919,'防城区',223);
insert into DISTRICT_INFO values (1920,'上思县',223);
insert into DISTRICT_INFO values (1921,'东兴市',223);
insert into DISTRICT_INFO values (1922,'钦南区',224);
insert into DISTRICT_INFO values (1923,'钦北区',224);
insert into DISTRICT_INFO values (1924,'灵山县',224);
insert into DISTRICT_INFO values (1925,'浦北县',224);
insert into DISTRICT_INFO values (1926,'港北区',225);
insert into DISTRICT_INFO values (1927,'港南区',225);
insert into DISTRICT_INFO values (1928,'覃塘区',225);
insert into DISTRICT_INFO values (1929,'平南县',225);
insert into DISTRICT_INFO values (1930,'桂平市',225);
insert into DISTRICT_INFO values (1931,'玉州区',226);
insert into DISTRICT_INFO values (1932,'容县',226);
insert into DISTRICT_INFO values (1933,'陆川县',226);
insert into DISTRICT_INFO values (1934,'博白县',226);
insert into DISTRICT_INFO values (1935,'兴业县',226);
insert into DISTRICT_INFO values (1936,'北流市',226);
insert into DISTRICT_INFO values (1937,'右江区',227);
insert into DISTRICT_INFO values (1938,'田阳县',227);
insert into DISTRICT_INFO values (1939,'田东县',227);
insert into DISTRICT_INFO values (1940,'平果县',227);
insert into DISTRICT_INFO values (1941,'德保县',227);
insert into DISTRICT_INFO values (1942,'靖西县',227);
insert into DISTRICT_INFO values (1943,'那坡县',227);
insert into DISTRICT_INFO values (1944,'凌云县',227);
insert into DISTRICT_INFO values (1945,'乐业县',227);
insert into DISTRICT_INFO values (1946,'田林县',227);
insert into DISTRICT_INFO values (1947,'西林县',227);
insert into DISTRICT_INFO values (1948,'隆林各族自治县',227);
insert into DISTRICT_INFO values (1949,'八步区',228);
insert into DISTRICT_INFO values (1950,'昭平县',228);
insert into DISTRICT_INFO values (1951,'钟山县',228);
insert into DISTRICT_INFO values (1952,'富川瑶族自治县',228);
insert into DISTRICT_INFO values (1953,'金城江区',229);
insert into DISTRICT_INFO values (1954,'南丹县',229);
insert into DISTRICT_INFO values (1955,'天峨县',229);
insert into DISTRICT_INFO values (1956,'凤山县',229);
insert into DISTRICT_INFO values (1957,'东兰县',229);
insert into DISTRICT_INFO values (1958,'罗城仫佬族自治县',229);
insert into DISTRICT_INFO values (1959,'环江毛南族自治县',229);
insert into DISTRICT_INFO values (1960,'巴马瑶族自治县',229);
insert into DISTRICT_INFO values (1961,'都安瑶族自治县',229);
insert into DISTRICT_INFO values (1962,'大化瑶族自治县',229);
insert into DISTRICT_INFO values (1963,'宜州市',229);
insert into DISTRICT_INFO values (1964,'兴宾区',230);
insert into DISTRICT_INFO values (1965,'忻城县',230);
insert into DISTRICT_INFO values (1966,'象州县',230);
insert into DISTRICT_INFO values (1967,'武宣县',230);
insert into DISTRICT_INFO values (1968,'金秀瑶族自治县',230);
insert into DISTRICT_INFO values (1969,'合山市',230);
insert into DISTRICT_INFO values (1970,'江洲区',231);
insert into DISTRICT_INFO values (1971,'扶绥县',231);
insert into DISTRICT_INFO values (1972,'宁明县',231);
insert into DISTRICT_INFO values (1973,'龙州县',231);
insert into DISTRICT_INFO values (1974,'大新县',231);
insert into DISTRICT_INFO values (1975,'天等县',231);
insert into DISTRICT_INFO values (1976,'凭祥市',231);
insert into DISTRICT_INFO values (1977,'秀英区',232);
insert into DISTRICT_INFO values (1978,'龙华区',232);
insert into DISTRICT_INFO values (1979,'琼山区',232);
insert into DISTRICT_INFO values (1980,'美兰区',232);
insert into DISTRICT_INFO values (1981,'五指山市',233);
insert into DISTRICT_INFO values (1982,'琼海市',233);
insert into DISTRICT_INFO values (1983,'儋州市',233);
insert into DISTRICT_INFO values (1984,'文昌市',233);
insert into DISTRICT_INFO values (1985,'万宁市',233);
insert into DISTRICT_INFO values (1986,'东方市',233);
insert into DISTRICT_INFO values (1987,'定安县',233);
insert into DISTRICT_INFO values (1988,'屯昌县',233);
insert into DISTRICT_INFO values (1989,'澄迈县',233);
insert into DISTRICT_INFO values (1990,'临高县',233);
insert into DISTRICT_INFO values (1991,'白沙黎族自治县',233);
insert into DISTRICT_INFO values (1992,'昌江黎族自治县',233);
insert into DISTRICT_INFO values (1993,'乐东黎族自治县',233);
insert into DISTRICT_INFO values (1994,'陵水黎族自治县',233);
insert into DISTRICT_INFO values (1995,'保亭黎族苗族自治县',233);
insert into DISTRICT_INFO values (1996,'琼中黎族苗族自治县',233);
insert into DISTRICT_INFO values (1997,'西沙群岛',233);
insert into DISTRICT_INFO values (1998,'南沙群岛',233);
insert into DISTRICT_INFO values (1999,'中沙群岛的岛礁及其海域',233);
insert into DISTRICT_INFO values (2000,'万州区',234);
insert into DISTRICT_INFO values (2001,'涪陵区',234);
insert into DISTRICT_INFO values (2002,'渝中区',234);
insert into DISTRICT_INFO values (2003,'大渡口区',234);
insert into DISTRICT_INFO values (2004,'江北区',234);
insert into DISTRICT_INFO values (2005,'沙坪坝区',234);
insert into DISTRICT_INFO values (2006,'九龙坡区',234);
insert into DISTRICT_INFO values (2007,'南岸区',234);
insert into DISTRICT_INFO values (2008,'北碚区',234);
insert into DISTRICT_INFO values (2009,'万盛区',234);
insert into DISTRICT_INFO values (2010,'双桥区',234);
insert into DISTRICT_INFO values (2011,'渝北区',234);
insert into DISTRICT_INFO values (2012,'巴南区',234);
insert into DISTRICT_INFO values (2013,'黔江区',234);
insert into DISTRICT_INFO values (2014,'长寿区',234);
insert into DISTRICT_INFO values (2015,'綦江县',234);
insert into DISTRICT_INFO values (2016,'潼南县',234);
insert into DISTRICT_INFO values (2017,'铜梁县',234);
insert into DISTRICT_INFO values (2018,'大足县',234);
insert into DISTRICT_INFO values (2019,'荣昌县',234);
insert into DISTRICT_INFO values (2020,'璧山县',234);
insert into DISTRICT_INFO values (2021,'梁平县',234);
insert into DISTRICT_INFO values (2022,'城口县',234);
insert into DISTRICT_INFO values (2023,'丰都县',234);
insert into DISTRICT_INFO values (2024,'垫江县',234);
insert into DISTRICT_INFO values (2025,'武隆县',234);
insert into DISTRICT_INFO values (2026,'忠县',234);
insert into DISTRICT_INFO values (2027,'开县',234);
insert into DISTRICT_INFO values (2028,'云阳县',234);
insert into DISTRICT_INFO values (2029,'奉节县',234);
insert into DISTRICT_INFO values (2030,'巫山县',234);
insert into DISTRICT_INFO values (2031,'巫溪县',234);
insert into DISTRICT_INFO values (2032,'石柱土家族自治县',234);
insert into DISTRICT_INFO values (2033,'秀山土家族苗族自治县',234);
insert into DISTRICT_INFO values (2034,'酉阳土家族苗族自治县',234);
insert into DISTRICT_INFO values (2035,'彭水苗族土家族自治县',234);
insert into DISTRICT_INFO values (2036,'江津市',234);
insert into DISTRICT_INFO values (2037,'合川市',234);
insert into DISTRICT_INFO values (2038,'永川市',234);
insert into DISTRICT_INFO values (2039,'南川市',234);
insert into DISTRICT_INFO values (2040,'锦江区',235);
insert into DISTRICT_INFO values (2041,'青羊区',235);
insert into DISTRICT_INFO values (2042,'金牛区',235);
insert into DISTRICT_INFO values (2043,'武侯区',235);
insert into DISTRICT_INFO values (2044,'成华区',235);
insert into DISTRICT_INFO values (2045,'龙泉驿区',235);
insert into DISTRICT_INFO values (2046,'青白江区',235);
insert into DISTRICT_INFO values (2047,'新都区',235);
insert into DISTRICT_INFO values (2048,'温江区',235);
insert into DISTRICT_INFO values (2049,'金堂县',235);
insert into DISTRICT_INFO values (2050,'双流县',235);
insert into DISTRICT_INFO values (2051,'郫县',235);
insert into DISTRICT_INFO values (2052,'大邑县',235);
insert into DISTRICT_INFO values (2053,'蒲江县',235);
insert into DISTRICT_INFO values (2054,'新津县',235);
insert into DISTRICT_INFO values (2055,'都江堰市',235);
insert into DISTRICT_INFO values (2056,'彭州市',235);
insert into DISTRICT_INFO values (2057,'邛崃市',235);
insert into DISTRICT_INFO values (2058,'崇州市',235);
insert into DISTRICT_INFO values (2059,'自流井区',236);
insert into DISTRICT_INFO values (2060,'贡井区',236);
insert into DISTRICT_INFO values (2061,'大安区',236);
insert into DISTRICT_INFO values (2062,'沿滩区',236);
insert into DISTRICT_INFO values (2063,'荣县',236);
insert into DISTRICT_INFO values (2064,'富顺县',236);
insert into DISTRICT_INFO values (2065,'东区',237);
insert into DISTRICT_INFO values (2066,'西区',237);
insert into DISTRICT_INFO values (2067,'仁和区',237);
insert into DISTRICT_INFO values (2068,'米易县',237);
insert into DISTRICT_INFO values (2069,'盐边县',237);
insert into DISTRICT_INFO values (2070,'江阳区',238);
insert into DISTRICT_INFO values (2071,'纳溪区',238);
insert into DISTRICT_INFO values (2072,'龙马潭区',238);
insert into DISTRICT_INFO values (2073,'泸县',238);
insert into DISTRICT_INFO values (2074,'合江县',238);
insert into DISTRICT_INFO values (2075,'叙永县',238);
insert into DISTRICT_INFO values (2076,'古蔺县',238);
insert into DISTRICT_INFO values (2077,'旌阳区',239);
insert into DISTRICT_INFO values (2078,'中江县',239);
insert into DISTRICT_INFO values (2079,'罗江县',239);
insert into DISTRICT_INFO values (2080,'广汉市',239);
insert into DISTRICT_INFO values (2081,'什邡市',239);
insert into DISTRICT_INFO values (2082,'绵竹市',239);
insert into DISTRICT_INFO values (2083,'涪城区',240);
insert into DISTRICT_INFO values (2084,'游仙区',240);
insert into DISTRICT_INFO values (2085,'三台县',240);
insert into DISTRICT_INFO values (2086,'盐亭县',240);
insert into DISTRICT_INFO values (2087,'安县',240);
insert into DISTRICT_INFO values (2088,'梓潼县',240);
insert into DISTRICT_INFO values (2089,'北川羌族自治县',240);
insert into DISTRICT_INFO values (2090,'平武县',240);
insert into DISTRICT_INFO values (2091,'江油市',240);
insert into DISTRICT_INFO values (2092,'市中区',241);
insert into DISTRICT_INFO values (2093,'元坝区',241);
insert into DISTRICT_INFO values (2094,'朝天区',241);
insert into DISTRICT_INFO values (2095,'旺苍县',241);
insert into DISTRICT_INFO values (2096,'青川县',241);
insert into DISTRICT_INFO values (2097,'剑阁县',241);
insert into DISTRICT_INFO values (2098,'苍溪县',241);
insert into DISTRICT_INFO values (2099,'船山区',242);
insert into DISTRICT_INFO values (2100,'安居区',242);
insert into DISTRICT_INFO values (2101,'蓬溪县',242);
insert into DISTRICT_INFO values (2102,'射洪县',242);
insert into DISTRICT_INFO values (2103,'大英县',242);
insert into DISTRICT_INFO values (2104,'市中区',243);
insert into DISTRICT_INFO values (2105,'东兴区',243);
insert into DISTRICT_INFO values (2106,'威远县',243);
insert into DISTRICT_INFO values (2107,'资中县',243);
insert into DISTRICT_INFO values (2108,'隆昌县',243);
insert into DISTRICT_INFO values (2109,'市中区',244);
insert into DISTRICT_INFO values (2110,'沙湾区',244);
insert into DISTRICT_INFO values (2111,'五通桥区',244);
insert into DISTRICT_INFO values (2112,'金口河区',244);
insert into DISTRICT_INFO values (2113,'犍为县',244);
insert into DISTRICT_INFO values (2114,'井研县',244);
insert into DISTRICT_INFO values (2115,'夹江县',244);
insert into DISTRICT_INFO values (2116,'沐川县',244);
insert into DISTRICT_INFO values (2117,'峨边彝族自治县',244);
insert into DISTRICT_INFO values (2118,'马边彝族自治县',244);
insert into DISTRICT_INFO values (2119,'峨眉山市',244);
insert into DISTRICT_INFO values (2120,'顺庆区',245);
insert into DISTRICT_INFO values (2121,'高坪区',245);
insert into DISTRICT_INFO values (2122,'嘉陵区',245);
insert into DISTRICT_INFO values (2123,'南部县',245);
insert into DISTRICT_INFO values (2124,'营山县',245);
insert into DISTRICT_INFO values (2125,'蓬安县',245);
insert into DISTRICT_INFO values (2126,'仪陇县',245);
insert into DISTRICT_INFO values (2127,'西充县',245);
insert into DISTRICT_INFO values (2128,'阆中市',245);
insert into DISTRICT_INFO values (2129,'东坡区',246);
insert into DISTRICT_INFO values (2130,'仁寿县',246);
insert into DISTRICT_INFO values (2131,'彭山县',246);
insert into DISTRICT_INFO values (2132,'洪雅县',246);
insert into DISTRICT_INFO values (2133,'丹棱县',246);
insert into DISTRICT_INFO values (2134,'青神县',246);
insert into DISTRICT_INFO values (2135,'翠屏区',247);
insert into DISTRICT_INFO values (2136,'宜宾县',247);
insert into DISTRICT_INFO values (2137,'南溪县',247);
insert into DISTRICT_INFO values (2138,'江安县',247);
insert into DISTRICT_INFO values (2139,'长宁县',247);
insert into DISTRICT_INFO values (2140,'高县',247);
insert into DISTRICT_INFO values (2141,'珙县',247);
insert into DISTRICT_INFO values (2142,'筠连县',247);
insert into DISTRICT_INFO values (2143,'兴文县',247);
insert into DISTRICT_INFO values (2144,'屏山县',247);
insert into DISTRICT_INFO values (2145,'广安区',248);
insert into DISTRICT_INFO values (2146,'岳池县',248);
insert into DISTRICT_INFO values (2147,'武胜县',248);
insert into DISTRICT_INFO values (2148,'邻水县',248);
insert into DISTRICT_INFO values (2149,'华蓥市',248);
insert into DISTRICT_INFO values (2150,'通川区',249);
insert into DISTRICT_INFO values (2151,'达县',249);
insert into DISTRICT_INFO values (2152,'宣汉县',249);
insert into DISTRICT_INFO values (2153,'开江县',249);
insert into DISTRICT_INFO values (2154,'大竹县',249);
insert into DISTRICT_INFO values (2155,'渠县',249);
insert into DISTRICT_INFO values (2156,'万源市',249);
insert into DISTRICT_INFO values (2157,'雨城区',250);
insert into DISTRICT_INFO values (2158,'名山县',250);
insert into DISTRICT_INFO values (2159,'荥经县',250);
insert into DISTRICT_INFO values (2160,'汉源县',250);
insert into DISTRICT_INFO values (2161,'石棉县',250);
insert into DISTRICT_INFO values (2162,'天全县',250);
insert into DISTRICT_INFO values (2163,'芦山县',250);
insert into DISTRICT_INFO values (2164,'宝兴县',250);
insert into DISTRICT_INFO values (2165,'巴州区',251);
insert into DISTRICT_INFO values (2166,'通江县',251);
insert into DISTRICT_INFO values (2167,'南江县',251);
insert into DISTRICT_INFO values (2168,'平昌县',251);
insert into DISTRICT_INFO values (2169,'雁江区',252);
insert into DISTRICT_INFO values (2170,'安岳县',252);
insert into DISTRICT_INFO values (2171,'乐至县',252);
insert into DISTRICT_INFO values (2172,'简阳市',252);
insert into DISTRICT_INFO values (2173,'汶川县',253);
insert into DISTRICT_INFO values (2174,'理县',253);
insert into DISTRICT_INFO values (2175,'茂县',253);
insert into DISTRICT_INFO values (2176,'松潘县',253);
insert into DISTRICT_INFO values (2177,'九寨沟县',253);
insert into DISTRICT_INFO values (2178,'金川县',253);
insert into DISTRICT_INFO values (2179,'小金县',253);
insert into DISTRICT_INFO values (2180,'黑水县',253);
insert into DISTRICT_INFO values (2181,'马尔康县',253);
insert into DISTRICT_INFO values (2182,'壤塘县',253);
insert into DISTRICT_INFO values (2183,'阿坝县',253);
insert into DISTRICT_INFO values (2184,'若尔盖县',253);
insert into DISTRICT_INFO values (2185,'红原县',253);
insert into DISTRICT_INFO values (2186,'康定县',254);
insert into DISTRICT_INFO values (2187,'泸定县',254);
insert into DISTRICT_INFO values (2188,'丹巴县',254);
insert into DISTRICT_INFO values (2189,'九龙县',254);
insert into DISTRICT_INFO values (2190,'雅江县',254);
insert into DISTRICT_INFO values (2191,'道孚县',254);
insert into DISTRICT_INFO values (2192,'炉霍县',254);
insert into DISTRICT_INFO values (2193,'甘孜县',254);
insert into DISTRICT_INFO values (2194,'新龙县',254);
insert into DISTRICT_INFO values (2195,'德格县',254);
insert into DISTRICT_INFO values (2196,'白玉县',254);
insert into DISTRICT_INFO values (2197,'石渠县',254);
insert into DISTRICT_INFO values (2198,'色达县',254);
insert into DISTRICT_INFO values (2199,'理塘县',254);
insert into DISTRICT_INFO values (2200,'巴塘县',254);
insert into DISTRICT_INFO values (2201,'乡城县',254);
insert into DISTRICT_INFO values (2202,'稻城县',254);
insert into DISTRICT_INFO values (2203,'得荣县',254);
insert into DISTRICT_INFO values (2204,'西昌市',255);
insert into DISTRICT_INFO values (2205,'木里藏族自治县',255);
insert into DISTRICT_INFO values (2206,'盐源县',255);
insert into DISTRICT_INFO values (2207,'德昌县',255);
insert into DISTRICT_INFO values (2208,'会理县',255);
insert into DISTRICT_INFO values (2209,'会东县',255);
insert into DISTRICT_INFO values (2210,'宁南县',255);
insert into DISTRICT_INFO values (2211,'普格县',255);
insert into DISTRICT_INFO values (2212,'布拖县',255);
insert into DISTRICT_INFO values (2213,'金阳县',255);
insert into DISTRICT_INFO values (2214,'昭觉县',255);
insert into DISTRICT_INFO values (2215,'喜德县',255);
insert into DISTRICT_INFO values (2216,'冕宁县',255);
insert into DISTRICT_INFO values (2217,'越西县',255);
insert into DISTRICT_INFO values (2218,'甘洛县',255);
insert into DISTRICT_INFO values (2219,'美姑县',255);
insert into DISTRICT_INFO values (2220,'雷波县',255);
insert into DISTRICT_INFO values (2221,'南明区',256);
insert into DISTRICT_INFO values (2222,'云岩区',256);
insert into DISTRICT_INFO values (2223,'花溪区',256);
insert into DISTRICT_INFO values (2224,'乌当区',256);
insert into DISTRICT_INFO values (2225,'白云区',256);
insert into DISTRICT_INFO values (2226,'小河区',256);
insert into DISTRICT_INFO values (2227,'开阳县',256);
insert into DISTRICT_INFO values (2228,'息烽县',256);
insert into DISTRICT_INFO values (2229,'修文县',256);
insert into DISTRICT_INFO values (2230,'清镇市',256);
insert into DISTRICT_INFO values (2231,'钟山区',257);
insert into DISTRICT_INFO values (2232,'六枝特区',257);
insert into DISTRICT_INFO values (2233,'水城县',257);
insert into DISTRICT_INFO values (2234,'盘县',257);
insert into DISTRICT_INFO values (2235,'红花岗区',258);
insert into DISTRICT_INFO values (2236,'汇川区',258);
insert into DISTRICT_INFO values (2237,'遵义县',258);
insert into DISTRICT_INFO values (2238,'桐梓县',258);
insert into DISTRICT_INFO values (2239,'绥阳县',258);
insert into DISTRICT_INFO values (2240,'正安县',258);
insert into DISTRICT_INFO values (2241,'道真仡佬族苗族自治县',258);
insert into DISTRICT_INFO values (2242,'务川仡佬族苗族自治县',258);
insert into DISTRICT_INFO values (2243,'凤冈县',258);
insert into DISTRICT_INFO values (2244,'湄潭县',258);
insert into DISTRICT_INFO values (2245,'余庆县',258);
insert into DISTRICT_INFO values (2246,'习水县',258);
insert into DISTRICT_INFO values (2247,'赤水市',258);
insert into DISTRICT_INFO values (2248,'仁怀市',258);
insert into DISTRICT_INFO values (2249,'西秀区',259);
insert into DISTRICT_INFO values (2250,'平坝县',259);
insert into DISTRICT_INFO values (2251,'普定县',259);
insert into DISTRICT_INFO values (2252,'镇宁布依族苗族自治县',259);
insert into DISTRICT_INFO values (2253,'关岭布依族苗族自治县',259);
insert into DISTRICT_INFO values (2254,'紫云苗族布依族自治县',259);
insert into DISTRICT_INFO values (2255,'铜仁市',260);
insert into DISTRICT_INFO values (2256,'江口县',260);
insert into DISTRICT_INFO values (2257,'玉屏侗族自治县',260);
insert into DISTRICT_INFO values (2258,'石阡县',260);
insert into DISTRICT_INFO values (2259,'思南县',260);
insert into DISTRICT_INFO values (2260,'印江土家族苗族自治县',260);
insert into DISTRICT_INFO values (2261,'德江县',260);
insert into DISTRICT_INFO values (2262,'沿河土家族自治县',260);
insert into DISTRICT_INFO values (2263,'松桃苗族自治县',260);
insert into DISTRICT_INFO values (2264,'万山特区',260);
insert into DISTRICT_INFO values (2265,'兴义市',261);
insert into DISTRICT_INFO values (2266,'兴仁县',261);
insert into DISTRICT_INFO values (2267,'普安县',261);
insert into DISTRICT_INFO values (2268,'晴隆县',261);
insert into DISTRICT_INFO values (2269,'贞丰县',261);
insert into DISTRICT_INFO values (2270,'望谟县',261);
insert into DISTRICT_INFO values (2271,'册亨县',261);
insert into DISTRICT_INFO values (2272,'安龙县',261);
insert into DISTRICT_INFO values (2273,'毕节市',262);
insert into DISTRICT_INFO values (2274,'大方县',262);
insert into DISTRICT_INFO values (2275,'黔西县',262);
insert into DISTRICT_INFO values (2276,'金沙县',262);
insert into DISTRICT_INFO values (2277,'织金县',262);
insert into DISTRICT_INFO values (2278,'纳雍县',262);
insert into DISTRICT_INFO values (2279,'威宁彝族回族苗族自治县',262);
insert into DISTRICT_INFO values (2280,'赫章县',262);
insert into DISTRICT_INFO values (2281,'凯里市',263);
insert into DISTRICT_INFO values (2282,'黄平县',263);
insert into DISTRICT_INFO values (2283,'施秉县',263);
insert into DISTRICT_INFO values (2284,'三穗县',263);
insert into DISTRICT_INFO values (2285,'镇远县',263);
insert into DISTRICT_INFO values (2286,'岑巩县',263);
insert into DISTRICT_INFO values (2287,'天柱县',263);
insert into DISTRICT_INFO values (2288,'锦屏县',263);
insert into DISTRICT_INFO values (2289,'剑河县',263);
insert into DISTRICT_INFO values (2290,'台江县',263);
insert into DISTRICT_INFO values (2291,'黎平县',263);
insert into DISTRICT_INFO values (2292,'榕江县',263);
insert into DISTRICT_INFO values (2293,'从江县',263);
insert into DISTRICT_INFO values (2294,'雷山县',263);
insert into DISTRICT_INFO values (2295,'麻江县',263);
insert into DISTRICT_INFO values (2296,'丹寨县',263);
insert into DISTRICT_INFO values (2297,'都匀市',264);
insert into DISTRICT_INFO values (2298,'福泉市',264);
insert into DISTRICT_INFO values (2299,'荔波县',264);
insert into DISTRICT_INFO values (2300,'贵定县',264);
insert into DISTRICT_INFO values (2301,'瓮安县',264);
insert into DISTRICT_INFO values (2302,'独山县',264);
insert into DISTRICT_INFO values (2303,'平塘县',264);
insert into DISTRICT_INFO values (2304,'罗甸县',264);
insert into DISTRICT_INFO values (2305,'长顺县',264);
insert into DISTRICT_INFO values (2306,'龙里县',264);
insert into DISTRICT_INFO values (2307,'惠水县',264);
insert into DISTRICT_INFO values (2308,'三都水族自治县',264);
insert into DISTRICT_INFO values (2309,'五华区',265);
insert into DISTRICT_INFO values (2310,'盘龙区',265);
insert into DISTRICT_INFO values (2311,'官渡区',265);
insert into DISTRICT_INFO values (2312,'西山区',265);
insert into DISTRICT_INFO values (2313,'东川区',265);
insert into DISTRICT_INFO values (2314,'呈贡县',265);
insert into DISTRICT_INFO values (2315,'晋宁县',265);
insert into DISTRICT_INFO values (2316,'富民县',265);
insert into DISTRICT_INFO values (2317,'宜良县',265);
insert into DISTRICT_INFO values (2318,'石林彝族自治县',265);
insert into DISTRICT_INFO values (2319,'嵩明县',265);
insert into DISTRICT_INFO values (2320,'禄劝彝族苗族自治县',265);
insert into DISTRICT_INFO values (2321,'寻甸回族彝族自治县',265);
insert into DISTRICT_INFO values (2322,'安宁市',265);
insert into DISTRICT_INFO values (2323,'麒麟区',266);
insert into DISTRICT_INFO values (2324,'马龙县',266);
insert into DISTRICT_INFO values (2325,'陆良县',266);
insert into DISTRICT_INFO values (2326,'师宗县',266);
insert into DISTRICT_INFO values (2327,'罗平县',266);
insert into DISTRICT_INFO values (2328,'富源县',266);
insert into DISTRICT_INFO values (2329,'会泽县',266);
insert into DISTRICT_INFO values (2330,'沾益县',266);
insert into DISTRICT_INFO values (2331,'宣威市',266);
insert into DISTRICT_INFO values (2332,'红塔区',267);
insert into DISTRICT_INFO values (2333,'江川县',267);
insert into DISTRICT_INFO values (2334,'澄江县',267);
insert into DISTRICT_INFO values (2335,'通海县',267);
insert into DISTRICT_INFO values (2336,'华宁县',267);
insert into DISTRICT_INFO values (2337,'易门县',267);
insert into DISTRICT_INFO values (2338,'峨山彝族自治县',267);
insert into DISTRICT_INFO values (2339,'新平彝族傣族自治县',267);
insert into DISTRICT_INFO values (2340,'元江哈尼族彝族傣族自治县',267);
insert into DISTRICT_INFO values (2341,'隆阳区',268);
insert into DISTRICT_INFO values (2342,'施甸县',268);
insert into DISTRICT_INFO values (2343,'腾冲县',268);
insert into DISTRICT_INFO values (2344,'龙陵县',268);
insert into DISTRICT_INFO values (2345,'昌宁县',268);
insert into DISTRICT_INFO values (2346,'昭阳区',269);
insert into DISTRICT_INFO values (2347,'鲁甸县',269);
insert into DISTRICT_INFO values (2348,'巧家县',269);
insert into DISTRICT_INFO values (2349,'盐津县',269);
insert into DISTRICT_INFO values (2350,'大关县',269);
insert into DISTRICT_INFO values (2351,'永善县',269);
insert into DISTRICT_INFO values (2352,'绥江县',269);
insert into DISTRICT_INFO values (2353,'镇雄县',269);
insert into DISTRICT_INFO values (2354,'彝良县',269);
insert into DISTRICT_INFO values (2355,'威信县',269);
insert into DISTRICT_INFO values (2356,'水富县',269);
insert into DISTRICT_INFO values (2357,'古城区',270);
insert into DISTRICT_INFO values (2358,'玉龙纳西族自治县',270);
insert into DISTRICT_INFO values (2359,'永胜县',270);
insert into DISTRICT_INFO values (2360,'华坪县',270);
insert into DISTRICT_INFO values (2361,'宁蒗彝族自治县',270);
insert into DISTRICT_INFO values (2362,'翠云区',271);
insert into DISTRICT_INFO values (2363,'普洱哈尼族彝族自治县',271);
insert into DISTRICT_INFO values (2364,'墨江哈尼族自治县',271);
insert into DISTRICT_INFO values (2365,'景东彝族自治县',271);
insert into DISTRICT_INFO values (2366,'景谷傣族彝族自治县',271);
insert into DISTRICT_INFO values (2367,'镇沅彝族哈尼族拉祜族自治县',271);
insert into DISTRICT_INFO values (2368,'江城哈尼族彝族自治县',271);
insert into DISTRICT_INFO values (2369,'孟连傣族拉祜族佤族自治县',271);
insert into DISTRICT_INFO values (2370,'澜沧拉祜族自治县',271);
insert into DISTRICT_INFO values (2371,'西盟佤族自治县',271);
insert into DISTRICT_INFO values (2372,'临翔区',272);
insert into DISTRICT_INFO values (2373,'凤庆县',272);
insert into DISTRICT_INFO values (2374,'云县',272);
insert into DISTRICT_INFO values (2375,'永德县',272);
insert into DISTRICT_INFO values (2376,'镇康县',272);
insert into DISTRICT_INFO values (2377,'双江拉祜族佤族布朗族傣族自治县',272);
insert into DISTRICT_INFO values (2378,'耿马傣族佤族自治县',272);
insert into DISTRICT_INFO values (2379,'沧源佤族自治县',272);
insert into DISTRICT_INFO values (2380,'楚雄市',273);
insert into DISTRICT_INFO values (2381,'双柏县',273);
insert into DISTRICT_INFO values (2382,'牟定县',273);
insert into DISTRICT_INFO values (2383,'南华县',273);
insert into DISTRICT_INFO values (2384,'姚安县',273);
insert into DISTRICT_INFO values (2385,'大姚县',273);
insert into DISTRICT_INFO values (2386,'永仁县',273);
insert into DISTRICT_INFO values (2387,'元谋县',273);
insert into DISTRICT_INFO values (2388,'武定县',273);
insert into DISTRICT_INFO values (2389,'禄丰县',273);
insert into DISTRICT_INFO values (2390,'个旧市',274);
insert into DISTRICT_INFO values (2391,'开远市',274);
insert into DISTRICT_INFO values (2392,'蒙自县',274);
insert into DISTRICT_INFO values (2393,'屏边苗族自治县',274);
insert into DISTRICT_INFO values (2394,'建水县',274);
insert into DISTRICT_INFO values (2395,'石屏县',274);
insert into DISTRICT_INFO values (2396,'弥勒县',274);
insert into DISTRICT_INFO values (2397,'泸西县',274);
insert into DISTRICT_INFO values (2398,'元阳县',274);
insert into DISTRICT_INFO values (2399,'红河县',274);
insert into DISTRICT_INFO values (2400,'金平苗族瑶族傣族自治县',274);
insert into DISTRICT_INFO values (2401,'绿春县',274);
insert into DISTRICT_INFO values (2402,'河口瑶族自治县',274);
insert into DISTRICT_INFO values (2403,'文山县',275);
insert into DISTRICT_INFO values (2404,'砚山县',275);
insert into DISTRICT_INFO values (2405,'西畴县',275);
insert into DISTRICT_INFO values (2406,'麻栗坡县',275);
insert into DISTRICT_INFO values (2407,'马关县',275);
insert into DISTRICT_INFO values (2408,'丘北县',275);
insert into DISTRICT_INFO values (2409,'广南县',275);
insert into DISTRICT_INFO values (2410,'富宁县',275);
insert into DISTRICT_INFO values (2411,'景洪市',276);
insert into DISTRICT_INFO values (2412,'勐海县',276);
insert into DISTRICT_INFO values (2413,'勐腊县',276);
insert into DISTRICT_INFO values (2414,'大理市',277);
insert into DISTRICT_INFO values (2415,'漾濞彝族自治县',277);
insert into DISTRICT_INFO values (2416,'祥云县',277);
insert into DISTRICT_INFO values (2417,'宾川县',277);
insert into DISTRICT_INFO values (2418,'弥渡县',277);
insert into DISTRICT_INFO values (2419,'南涧彝族自治县',277);
insert into DISTRICT_INFO values (2420,'巍山彝族回族自治县',277);
insert into DISTRICT_INFO values (2421,'永平县',277);
insert into DISTRICT_INFO values (2422,'云龙县',277);
insert into DISTRICT_INFO values (2423,'洱源县',277);
insert into DISTRICT_INFO values (2424,'剑川县',277);
insert into DISTRICT_INFO values (2425,'鹤庆县',277);
insert into DISTRICT_INFO values (2426,'瑞丽市',278);
insert into DISTRICT_INFO values (2427,'潞西市',278);
insert into DISTRICT_INFO values (2428,'梁河县',278);
insert into DISTRICT_INFO values (2429,'盈江县',278);
insert into DISTRICT_INFO values (2430,'陇川县',278);
insert into DISTRICT_INFO values (2431,'泸水县',279);
insert into DISTRICT_INFO values (2432,'福贡县',279);
insert into DISTRICT_INFO values (2433,'贡山独龙族怒族自治县',279);
insert into DISTRICT_INFO values (2434,'兰坪白族普米族自治县',279);
insert into DISTRICT_INFO values (2435,'香格里拉县',280);
insert into DISTRICT_INFO values (2436,'德钦县',280);
insert into DISTRICT_INFO values (2437,'维西傈僳族自治县',280);
insert into DISTRICT_INFO values (2438,'城关区',281);
insert into DISTRICT_INFO values (2439,'林周县',281);
insert into DISTRICT_INFO values (2440,'当雄县',281);
insert into DISTRICT_INFO values (2441,'尼木县',281);
insert into DISTRICT_INFO values (2442,'曲水县',281);
insert into DISTRICT_INFO values (2443,'堆龙德庆县',281);
insert into DISTRICT_INFO values (2444,'达孜县',281);
insert into DISTRICT_INFO values (2445,'墨竹工卡县',281);
insert into DISTRICT_INFO values (2446,'昌都县',282);
insert into DISTRICT_INFO values (2447,'江达县',282);
insert into DISTRICT_INFO values (2448,'贡觉县',282);
insert into DISTRICT_INFO values (2449,'类乌齐县',282);
insert into DISTRICT_INFO values (2450,'丁青县',282);
insert into DISTRICT_INFO values (2451,'察雅县',282);
insert into DISTRICT_INFO values (2452,'八宿县',282);
insert into DISTRICT_INFO values (2453,'左贡县',282);
insert into DISTRICT_INFO values (2454,'芒康县',282);
insert into DISTRICT_INFO values (2455,'洛隆县',282);
insert into DISTRICT_INFO values (2456,'边坝县',282);
insert into DISTRICT_INFO values (2457,'乃东县',283);
insert into DISTRICT_INFO values (2458,'扎囊县',283);
insert into DISTRICT_INFO values (2459,'贡嘎县',283);
insert into DISTRICT_INFO values (2460,'桑日县',283);
insert into DISTRICT_INFO values (2461,'琼结县',283);
insert into DISTRICT_INFO values (2462,'曲松县',283);
insert into DISTRICT_INFO values (2463,'措美县',283);
insert into DISTRICT_INFO values (2464,'洛扎县',283);
insert into DISTRICT_INFO values (2465,'加查县',283);
insert into DISTRICT_INFO values (2466,'隆子县',283);
insert into DISTRICT_INFO values (2467,'错那县',283);
insert into DISTRICT_INFO values (2468,'浪卡子县',283);
insert into DISTRICT_INFO values (2469,'日喀则市',284);
insert into DISTRICT_INFO values (2470,'南木林县',284);
insert into DISTRICT_INFO values (2471,'江孜县',284);
insert into DISTRICT_INFO values (2472,'定日县',284);
insert into DISTRICT_INFO values (2473,'萨迦县',284);
insert into DISTRICT_INFO values (2474,'拉孜县',284);
insert into DISTRICT_INFO values (2475,'昂仁县',284);
insert into DISTRICT_INFO values (2476,'谢通门县',284);
insert into DISTRICT_INFO values (2477,'白朗县',284);
insert into DISTRICT_INFO values (2478,'仁布县',284);
insert into DISTRICT_INFO values (2479,'康马县',284);
insert into DISTRICT_INFO values (2480,'定结县',284);
insert into DISTRICT_INFO values (2481,'仲巴县',284);
insert into DISTRICT_INFO values (2482,'亚东县',284);
insert into DISTRICT_INFO values (2483,'吉隆县',284);
insert into DISTRICT_INFO values (2484,'聂拉木县',284);
insert into DISTRICT_INFO values (2485,'萨嘎县',284);
insert into DISTRICT_INFO values (2486,'岗巴县',284);
insert into DISTRICT_INFO values (2487,'那曲县',285);
insert into DISTRICT_INFO values (2488,'嘉黎县',285);
insert into DISTRICT_INFO values (2489,'比如县',285);
insert into DISTRICT_INFO values (2490,'聂荣县',285);
insert into DISTRICT_INFO values (2491,'安多县',285);
insert into DISTRICT_INFO values (2492,'申扎县',285);
insert into DISTRICT_INFO values (2493,'索县',285);
insert into DISTRICT_INFO values (2494,'班戈县',285);
insert into DISTRICT_INFO values (2495,'巴青县',285);
insert into DISTRICT_INFO values (2496,'尼玛县',285);
insert into DISTRICT_INFO values (2497,'普兰县',286);
insert into DISTRICT_INFO values (2498,'札达县',286);
insert into DISTRICT_INFO values (2499,'噶尔县',286);
insert into DISTRICT_INFO values (2500,'日土县',286);
insert into DISTRICT_INFO values (2501,'革吉县',286);
insert into DISTRICT_INFO values (2502,'改则县',286);
insert into DISTRICT_INFO values (2503,'措勤县',286);
insert into DISTRICT_INFO values (2504,'林芝县',287);
insert into DISTRICT_INFO values (2505,'工布江达县',287);
insert into DISTRICT_INFO values (2506,'米林县',287);
insert into DISTRICT_INFO values (2507,'墨脱县',287);
insert into DISTRICT_INFO values (2508,'波密县',287);
insert into DISTRICT_INFO values (2509,'察隅县',287);
insert into DISTRICT_INFO values (2510,'朗县',287);
insert into DISTRICT_INFO values (2511,'新城区',288);
insert into DISTRICT_INFO values (2512,'碑林区',288);
insert into DISTRICT_INFO values (2513,'莲湖区',288);
insert into DISTRICT_INFO values (2514,'灞桥区',288);
insert into DISTRICT_INFO values (2515,'未央区',288);
insert into DISTRICT_INFO values (2516,'雁塔区',288);
insert into DISTRICT_INFO values (2517,'阎良区',288);
insert into DISTRICT_INFO values (2518,'临潼区',288);
insert into DISTRICT_INFO values (2519,'长安区',288);
insert into DISTRICT_INFO values (2520,'蓝田县',288);
insert into DISTRICT_INFO values (2521,'周至县',288);
insert into DISTRICT_INFO values (2522,'户县',288);
insert into DISTRICT_INFO values (2523,'高陵县',288);
insert into DISTRICT_INFO values (2524,'王益区',289);
insert into DISTRICT_INFO values (2525,'印台区',289);
insert into DISTRICT_INFO values (2526,'耀州区',289);
insert into DISTRICT_INFO values (2527,'宜君县',289);
insert into DISTRICT_INFO values (2528,'渭滨区',290);
insert into DISTRICT_INFO values (2529,'金台区',290);
insert into DISTRICT_INFO values (2530,'陈仓区',290);
insert into DISTRICT_INFO values (2531,'凤翔县',290);
insert into DISTRICT_INFO values (2532,'岐山县',290);
insert into DISTRICT_INFO values (2533,'扶风县',290);
insert into DISTRICT_INFO values (2534,'眉县',290);
insert into DISTRICT_INFO values (2535,'陇县',290);
insert into DISTRICT_INFO values (2536,'千阳县',290);
insert into DISTRICT_INFO values (2537,'麟游县',290);
insert into DISTRICT_INFO values (2538,'凤县',290);
insert into DISTRICT_INFO values (2539,'太白县',290);
insert into DISTRICT_INFO values (2540,'秦都区',291);
insert into DISTRICT_INFO values (2541,'杨凌区',291);
insert into DISTRICT_INFO values (2542,'渭城区',291);
insert into DISTRICT_INFO values (2543,'三原县',291);
insert into DISTRICT_INFO values (2544,'泾阳县',291);
insert into DISTRICT_INFO values (2545,'乾县',291);
insert into DISTRICT_INFO values (2546,'礼泉县',291);
insert into DISTRICT_INFO values (2547,'永寿县',291);
insert into DISTRICT_INFO values (2548,'彬县',291);
insert into DISTRICT_INFO values (2549,'长武县',291);
insert into DISTRICT_INFO values (2550,'旬邑县',291);
insert into DISTRICT_INFO values (2551,'淳化县',291);
insert into DISTRICT_INFO values (2552,'武功县',291);
insert into DISTRICT_INFO values (2553,'兴平市',291);
insert into DISTRICT_INFO values (2554,'临渭区',292);
insert into DISTRICT_INFO values (2555,'华县',292);
insert into DISTRICT_INFO values (2556,'潼关县',292);
insert into DISTRICT_INFO values (2557,'大荔县',292);
insert into DISTRICT_INFO values (2558,'合阳县',292);
insert into DISTRICT_INFO values (2559,'澄城县',292);
insert into DISTRICT_INFO values (2560,'蒲城县',292);
insert into DISTRICT_INFO values (2561,'白水县',292);
insert into DISTRICT_INFO values (2562,'富平县',292);
insert into DISTRICT_INFO values (2563,'韩城市',292);
insert into DISTRICT_INFO values (2564,'华阴市',292);
insert into DISTRICT_INFO values (2565,'宝塔区',293);
insert into DISTRICT_INFO values (2566,'延长县',293);
insert into DISTRICT_INFO values (2567,'延川县',293);
insert into DISTRICT_INFO values (2568,'子长县',293);
insert into DISTRICT_INFO values (2569,'安塞县',293);
insert into DISTRICT_INFO values (2570,'志丹县',293);
insert into DISTRICT_INFO values (2571,'吴旗县',293);
insert into DISTRICT_INFO values (2572,'甘泉县',293);
insert into DISTRICT_INFO values (2573,'富县',293);
insert into DISTRICT_INFO values (2574,'洛川县',293);
insert into DISTRICT_INFO values (2575,'宜川县',293);
insert into DISTRICT_INFO values (2576,'黄龙县',293);
insert into DISTRICT_INFO values (2577,'黄陵县',293);
insert into DISTRICT_INFO values (2578,'汉台区',294);
insert into DISTRICT_INFO values (2579,'南郑县',294);
insert into DISTRICT_INFO values (2580,'城固县',294);
insert into DISTRICT_INFO values (2581,'洋县',294);
insert into DISTRICT_INFO values (2582,'西乡县',294);
insert into DISTRICT_INFO values (2583,'勉县',294);
insert into DISTRICT_INFO values (2584,'宁强县',294);
insert into DISTRICT_INFO values (2585,'略阳县',294);
insert into DISTRICT_INFO values (2586,'镇巴县',294);
insert into DISTRICT_INFO values (2587,'留坝县',294);
insert into DISTRICT_INFO values (2588,'佛坪县',294);
insert into DISTRICT_INFO values (2589,'榆阳区',295);
insert into DISTRICT_INFO values (2590,'神木县',295);
insert into DISTRICT_INFO values (2591,'府谷县',295);
insert into DISTRICT_INFO values (2592,'横山县',295);
insert into DISTRICT_INFO values (2593,'靖边县',295);
insert into DISTRICT_INFO values (2594,'定边县',295);
insert into DISTRICT_INFO values (2595,'绥德县',295);
insert into DISTRICT_INFO values (2596,'米脂县',295);
insert into DISTRICT_INFO values (2597,'佳县',295);
insert into DISTRICT_INFO values (2598,'吴堡县',295);
insert into DISTRICT_INFO values (2599,'清涧县',295);
insert into DISTRICT_INFO values (2600,'子洲县',295);
insert into DISTRICT_INFO values (2601,'汉滨区',296);
insert into DISTRICT_INFO values (2602,'汉阴县',296);
insert into DISTRICT_INFO values (2603,'石泉县',296);
insert into DISTRICT_INFO values (2604,'宁陕县',296);
insert into DISTRICT_INFO values (2605,'紫阳县',296);
insert into DISTRICT_INFO values (2606,'岚皋县',296);
insert into DISTRICT_INFO values (2607,'平利县',296);
insert into DISTRICT_INFO values (2608,'镇坪县',296);
insert into DISTRICT_INFO values (2609,'旬阳县',296);
insert into DISTRICT_INFO values (2610,'白河县',296);
insert into DISTRICT_INFO values (2611,'商州区',297);
insert into DISTRICT_INFO values (2612,'洛南县',297);
insert into DISTRICT_INFO values (2613,'丹凤县',297);
insert into DISTRICT_INFO values (2614,'商南县',297);
insert into DISTRICT_INFO values (2615,'山阳县',297);
insert into DISTRICT_INFO values (2616,'镇安县',297);
insert into DISTRICT_INFO values (2617,'柞水县',297);
insert into DISTRICT_INFO values (2618,'城关区',298);
insert into DISTRICT_INFO values (2619,'七里河区',298);
insert into DISTRICT_INFO values (2620,'西固区',298);
insert into DISTRICT_INFO values (2621,'安宁区',298);
insert into DISTRICT_INFO values (2622,'红古区',298);
insert into DISTRICT_INFO values (2623,'永登县',298);
insert into DISTRICT_INFO values (2624,'皋兰县',298);
insert into DISTRICT_INFO values (2625,'榆中县',298);
insert into DISTRICT_INFO values (2626,'金川区',300);
insert into DISTRICT_INFO values (2627,'永昌县',300);
insert into DISTRICT_INFO values (2628,'白银区',301);
insert into DISTRICT_INFO values (2629,'平川区',301);
insert into DISTRICT_INFO values (2630,'靖远县',301);
insert into DISTRICT_INFO values (2631,'会宁县',301);
insert into DISTRICT_INFO values (2632,'景泰县',301);
insert into DISTRICT_INFO values (2633,'秦城区',302);
insert into DISTRICT_INFO values (2634,'北道区',302);
insert into DISTRICT_INFO values (2635,'清水县',302);
insert into DISTRICT_INFO values (2636,'秦安县',302);
insert into DISTRICT_INFO values (2637,'甘谷县',302);
insert into DISTRICT_INFO values (2638,'武山县',302);
insert into DISTRICT_INFO values (2639,'张家川回族自治县',302);
insert into DISTRICT_INFO values (2640,'凉州区',303);
insert into DISTRICT_INFO values (2641,'民勤县',303);
insert into DISTRICT_INFO values (2642,'古浪县',303);
insert into DISTRICT_INFO values (2643,'天祝藏族自治县',303);
insert into DISTRICT_INFO values (2644,'甘州区',304);
insert into DISTRICT_INFO values (2645,'肃南裕固族自治县',304);
insert into DISTRICT_INFO values (2646,'民乐县',304);
insert into DISTRICT_INFO values (2647,'临泽县',304);
insert into DISTRICT_INFO values (2648,'高台县',304);
insert into DISTRICT_INFO values (2649,'山丹县',304);
insert into DISTRICT_INFO values (2650,'崆峒区',305);
insert into DISTRICT_INFO values (2651,'泾川县',305);
insert into DISTRICT_INFO values (2652,'灵台县',305);
insert into DISTRICT_INFO values (2653,'崇信县',305);
insert into DISTRICT_INFO values (2654,'华亭县',305);
insert into DISTRICT_INFO values (2655,'庄浪县',305);
insert into DISTRICT_INFO values (2656,'静宁县',305);
insert into DISTRICT_INFO values (2657,'肃州区',306);
insert into DISTRICT_INFO values (2658,'金塔县',306);
insert into DISTRICT_INFO values (2659,'安西县',306);
insert into DISTRICT_INFO values (2660,'肃北蒙古族自治县',306);
insert into DISTRICT_INFO values (2661,'阿克塞哈萨克族自治县',306);
insert into DISTRICT_INFO values (2662,'玉门市',306);
insert into DISTRICT_INFO values (2663,'敦煌市',306);
insert into DISTRICT_INFO values (2664,'西峰区',307);
insert into DISTRICT_INFO values (2665,'庆城县',307);
insert into DISTRICT_INFO values (2666,'环县',307);
insert into DISTRICT_INFO values (2667,'华池县',307);
insert into DISTRICT_INFO values (2668,'合水县',307);
insert into DISTRICT_INFO values (2669,'正宁县',307);
insert into DISTRICT_INFO values (2670,'宁县',307);
insert into DISTRICT_INFO values (2671,'镇原县',307);
insert into DISTRICT_INFO values (2672,'安定区',308);
insert into DISTRICT_INFO values (2673,'通渭县',308);
insert into DISTRICT_INFO values (2674,'陇西县',308);
insert into DISTRICT_INFO values (2675,'渭源县',308);
insert into DISTRICT_INFO values (2676,'临洮县',308);
insert into DISTRICT_INFO values (2677,'漳县',308);
insert into DISTRICT_INFO values (2678,'岷县',308);
insert into DISTRICT_INFO values (2679,'武都区',309);
insert into DISTRICT_INFO values (2680,'成县',309);
insert into DISTRICT_INFO values (2681,'文县',309);
insert into DISTRICT_INFO values (2682,'宕昌县',309);
insert into DISTRICT_INFO values (2683,'康县',309);
insert into DISTRICT_INFO values (2684,'西和县',309);
insert into DISTRICT_INFO values (2685,'礼县',309);
insert into DISTRICT_INFO values (2686,'徽县',309);
insert into DISTRICT_INFO values (2687,'两当县',309);
insert into DISTRICT_INFO values (2688,'临夏市',310);
insert into DISTRICT_INFO values (2689,'临夏县',310);
insert into DISTRICT_INFO values (2690,'康乐县',310);
insert into DISTRICT_INFO values (2691,'永靖县',310);
insert into DISTRICT_INFO values (2692,'广河县',310);
insert into DISTRICT_INFO values (2693,'和政县',310);
insert into DISTRICT_INFO values (2694,'东乡族自治县',310);
insert into DISTRICT_INFO values (2695,'积石山保安族东乡族撒拉族自治县',310);
insert into DISTRICT_INFO values (2696,'合作市',311);
insert into DISTRICT_INFO values (2697,'临潭县',311);
insert into DISTRICT_INFO values (2698,'卓尼县',311);
insert into DISTRICT_INFO values (2699,'舟曲县',311);
insert into DISTRICT_INFO values (2700,'迭部县',311);
insert into DISTRICT_INFO values (2701,'玛曲县',311);
insert into DISTRICT_INFO values (2702,'碌曲县',311);
insert into DISTRICT_INFO values (2703,'夏河县',311);
insert into DISTRICT_INFO values (2704,'城东区',312);
insert into DISTRICT_INFO values (2705,'城中区',312);
insert into DISTRICT_INFO values (2706,'城西区',312);
insert into DISTRICT_INFO values (2707,'城北区',312);
insert into DISTRICT_INFO values (2708,'大通回族土族自治县',312);
insert into DISTRICT_INFO values (2709,'湟中县',312);
insert into DISTRICT_INFO values (2710,'湟源县',312);
insert into DISTRICT_INFO values (2711,'平安县',313);
insert into DISTRICT_INFO values (2712,'民和回族土族自治县',313);
insert into DISTRICT_INFO values (2713,'乐都县',313);
insert into DISTRICT_INFO values (2714,'互助土族自治县',313);
insert into DISTRICT_INFO values (2715,'化隆回族自治县',313);
insert into DISTRICT_INFO values (2716,'循化撒拉族自治县',313);
insert into DISTRICT_INFO values (2717,'门源回族自治县',314);
insert into DISTRICT_INFO values (2718,'祁连县',314);
insert into DISTRICT_INFO values (2719,'海晏县',314);
insert into DISTRICT_INFO values (2720,'刚察县',314);
insert into DISTRICT_INFO values (2721,'同仁县',315);
insert into DISTRICT_INFO values (2722,'尖扎县',315);
insert into DISTRICT_INFO values (2723,'泽库县',315);
insert into DISTRICT_INFO values (2724,'河南蒙古族自治县',315);
insert into DISTRICT_INFO values (2725,'共和县',316);
insert into DISTRICT_INFO values (2726,'同德县',316);
insert into DISTRICT_INFO values (2727,'贵德县',316);
insert into DISTRICT_INFO values (2728,'兴海县',316);
insert into DISTRICT_INFO values (2729,'贵南县',316);
insert into DISTRICT_INFO values (2730,'玛沁县',317);
insert into DISTRICT_INFO values (2731,'班玛县',317);
insert into DISTRICT_INFO values (2732,'甘德县',317);
insert into DISTRICT_INFO values (2733,'达日县',317);
insert into DISTRICT_INFO values (2734,'久治县',317);
insert into DISTRICT_INFO values (2735,'玛多县',317);
insert into DISTRICT_INFO values (2736,'玉树县',318);
insert into DISTRICT_INFO values (2737,'杂多县',318);
insert into DISTRICT_INFO values (2738,'称多县',318);
insert into DISTRICT_INFO values (2739,'治多县',318);
insert into DISTRICT_INFO values (2740,'囊谦县',318);
insert into DISTRICT_INFO values (2741,'曲麻莱县',318);
insert into DISTRICT_INFO values (2742,'格尔木市',319);
insert into DISTRICT_INFO values (2743,'德令哈市',319);
insert into DISTRICT_INFO values (2744,'乌兰县',319);
insert into DISTRICT_INFO values (2745,'都兰县',319);
insert into DISTRICT_INFO values (2746,'天峻县',319);
insert into DISTRICT_INFO values (2747,'兴庆区',320);
insert into DISTRICT_INFO values (2748,'西夏区',320);
insert into DISTRICT_INFO values (2749,'金凤区',320);
insert into DISTRICT_INFO values (2750,'永宁县',320);
insert into DISTRICT_INFO values (2751,'贺兰县',320);
insert into DISTRICT_INFO values (2752,'灵武市',320);
insert into DISTRICT_INFO values (2753,'大武口区',321);
insert into DISTRICT_INFO values (2754,'惠农区',321);
insert into DISTRICT_INFO values (2755,'平罗县',321);
insert into DISTRICT_INFO values (2756,'利通区',322);
insert into DISTRICT_INFO values (2757,'盐池县',322);
insert into DISTRICT_INFO values (2758,'同心县',322);
insert into DISTRICT_INFO values (2759,'青铜峡市',322);
insert into DISTRICT_INFO values (2760,'原州区',323);
insert into DISTRICT_INFO values (2761,'西吉县',323);
insert into DISTRICT_INFO values (2762,'隆德县',323);
insert into DISTRICT_INFO values (2763,'泾源县',323);
insert into DISTRICT_INFO values (2764,'彭阳县',323);
insert into DISTRICT_INFO values (2765,'沙坡头区',324);
insert into DISTRICT_INFO values (2766,'中宁县',324);
insert into DISTRICT_INFO values (2767,'海原县',324);
insert into DISTRICT_INFO values (2768,'天山区',325);
insert into DISTRICT_INFO values (2769,'沙依巴克区',325);
insert into DISTRICT_INFO values (2770,'新市区',325);
insert into DISTRICT_INFO values (2771,'水磨沟区',325);
insert into DISTRICT_INFO values (2772,'头屯河区',325);
insert into DISTRICT_INFO values (2773,'达坂城区',325);
insert into DISTRICT_INFO values (2774,'东山区',325);
insert into DISTRICT_INFO values (2775,'乌鲁木齐县',325);
insert into DISTRICT_INFO values (2776,'独山子区',326);
insert into DISTRICT_INFO values (2777,'克拉玛依区',326);
insert into DISTRICT_INFO values (2778,'白碱滩区',326);
insert into DISTRICT_INFO values (2779,'乌尔禾区',326);
insert into DISTRICT_INFO values (2780,'吐鲁番市',327);
insert into DISTRICT_INFO values (2781,'鄯善县',327);
insert into DISTRICT_INFO values (2782,'托克逊县',327);
insert into DISTRICT_INFO values (2783,'哈密市',328);
insert into DISTRICT_INFO values (2784,'巴里坤哈萨克自治县',328);
insert into DISTRICT_INFO values (2785,'伊吾县',328);
insert into DISTRICT_INFO values (2786,'昌吉市',329);
insert into DISTRICT_INFO values (2787,'阜康市',329);
insert into DISTRICT_INFO values (2788,'米泉市',329);
insert into DISTRICT_INFO values (2789,'呼图壁县',329);
insert into DISTRICT_INFO values (2790,'玛纳斯县',329);
insert into DISTRICT_INFO values (2791,'奇台县',329);
insert into DISTRICT_INFO values (2792,'吉木萨尔县',329);
insert into DISTRICT_INFO values (2793,'木垒哈萨克自治县',329);
insert into DISTRICT_INFO values (2794,'博乐市',330);
insert into DISTRICT_INFO values (2795,'精河县',330);
insert into DISTRICT_INFO values (2796,'温泉县',330);
insert into DISTRICT_INFO values (2797,'库尔勒市',331);
insert into DISTRICT_INFO values (2798,'轮台县',331);
insert into DISTRICT_INFO values (2799,'尉犁县',331);
insert into DISTRICT_INFO values (2800,'若羌县',331);
insert into DISTRICT_INFO values (2801,'且末县',331);
insert into DISTRICT_INFO values (2802,'焉耆回族自治县',331);
insert into DISTRICT_INFO values (2803,'和静县',331);
insert into DISTRICT_INFO values (2804,'和硕县',331);
insert into DISTRICT_INFO values (2805,'博湖县',331);
insert into DISTRICT_INFO values (2806,'阿克苏市',332);
insert into DISTRICT_INFO values (2807,'温宿县',332);
insert into DISTRICT_INFO values (2808,'库车县',332);
insert into DISTRICT_INFO values (2809,'沙雅县',332);
insert into DISTRICT_INFO values (2810,'新和县',332);
insert into DISTRICT_INFO values (2811,'拜城县',332);
insert into DISTRICT_INFO values (2812,'乌什县',332);
insert into DISTRICT_INFO values (2813,'阿瓦提县',332);
insert into DISTRICT_INFO values (2814,'柯坪县',332);
insert into DISTRICT_INFO values (2815,'阿图什市',333);
insert into DISTRICT_INFO values (2816,'阿克陶县',333);
insert into DISTRICT_INFO values (2817,'阿合奇县',333);
insert into DISTRICT_INFO values (2818,'乌恰县',333);
insert into DISTRICT_INFO values (2819,'喀什市',334);
insert into DISTRICT_INFO values (2820,'疏附县',334);
insert into DISTRICT_INFO values (2821,'疏勒县',334);
insert into DISTRICT_INFO values (2822,'英吉沙县',334);
insert into DISTRICT_INFO values (2823,'泽普县',334);
insert into DISTRICT_INFO values (2824,'莎车县',334);
insert into DISTRICT_INFO values (2825,'叶城县',334);
insert into DISTRICT_INFO values (2826,'麦盖提县',334);
insert into DISTRICT_INFO values (2827,'岳普湖县',334);
insert into DISTRICT_INFO values (2828,'伽师县',334);
insert into DISTRICT_INFO values (2829,'巴楚县',334);
insert into DISTRICT_INFO values (2830,'塔什库尔干塔吉克自治县',334);
insert into DISTRICT_INFO values (2831,'和田市',335);
insert into DISTRICT_INFO values (2832,'和田县',335);
insert into DISTRICT_INFO values (2833,'墨玉县',335);
insert into DISTRICT_INFO values (2834,'皮山县',335);
insert into DISTRICT_INFO values (2835,'洛浦县',335);
insert into DISTRICT_INFO values (2836,'策勒县',335);
insert into DISTRICT_INFO values (2837,'于田县',335);
insert into DISTRICT_INFO values (2838,'民丰县',335);
insert into DISTRICT_INFO values (2839,'伊宁市',336);
insert into DISTRICT_INFO values (2840,'奎屯市',336);
insert into DISTRICT_INFO values (2841,'伊宁县',336);
insert into DISTRICT_INFO values (2842,'察布查尔锡伯自治县',336);
insert into DISTRICT_INFO values (2843,'霍城县',336);
insert into DISTRICT_INFO values (2844,'巩留县',336);
insert into DISTRICT_INFO values (2845,'新源县',336);
insert into DISTRICT_INFO values (2846,'昭苏县',336);
insert into DISTRICT_INFO values (2847,'特克斯县',336);
insert into DISTRICT_INFO values (2848,'尼勒克县',336);
insert into DISTRICT_INFO values (2849,'塔城市',337);
insert into DISTRICT_INFO values (2850,'乌苏市',337);
insert into DISTRICT_INFO values (2851,'额敏县',337);
insert into DISTRICT_INFO values (2852,'沙湾县',337);
insert into DISTRICT_INFO values (2853,'托里县',337);
insert into DISTRICT_INFO values (2854,'裕民县',337);
insert into DISTRICT_INFO values (2855,'和布克赛尔蒙古自治县',337);
insert into DISTRICT_INFO values (2856,'阿勒泰市',338);
insert into DISTRICT_INFO values (2857,'布尔津县',338);
insert into DISTRICT_INFO values (2858,'富蕴县',338);
insert into DISTRICT_INFO values (2859,'福海县',338);
insert into DISTRICT_INFO values (2860,'哈巴河县',338);
insert into DISTRICT_INFO values (2861,'青河县',338);
insert into DISTRICT_INFO values (2862,'吉木乃县',338);